Id,Category
55845.jpg,7
63995.jpg,0
308001.jpg,0
88444.jpg,0
76350.jpg,4
36849.jpg,9
91230.jpg,9
303453.jpg,5
81408.jpg,2
58631.jpg,3
99062.jpg,2
97150.jpg,2
81547.jpg,6
297446.jpg,6
79112.jpg,8
71972.jpg,2
306296.jpg,1
304015.jpg,6
302741.jpg,4
93889.jpg,7
9804.jpg,1
55576.jpg,2
41748.jpg,0
68360.jpg,5
34291.jpg,8
58811.jpg,9
62505.jpg,6
51.jpg,8
99500.jpg,4
82154.jpg,7
65330.jpg,1
307571.jpg,5
8744.jpg,7
55052.jpg,4
299798.jpg,8
31136.jpg,6
69962.jpg,6
295945.jpg,1
96564.jpg,1
68431.jpg,6
293359.jpg,3
42153.jpg,1
31262.jpg,6
94757.jpg,5
296255.jpg,6
46155.jpg,3
88935.jpg,3
49480.jpg,9
36848.jpg,3
500.jpg,6
304003.jpg,1
49053.jpg,7
30255.jpg,0
53748.jpg,5
309453.jpg,0
48246.jpg,1
95633.jpg,1
61870.jpg,6
89834.jpg,2
36046.jpg,6
68386.jpg,0
308812.jpg,2
83311.jpg,6
308653.jpg,8
4002.jpg,2
94100.jpg,2
35832.jpg,1
61089.jpg,0
84898.jpg,4
90118.jpg,1
35761.jpg,2
41618.jpg,7
53676.jpg,3
71116.jpg,8
53361.jpg,6
97725.jpg,8
40396.jpg,6
75925.jpg,8
300529.jpg,3
84093.jpg,2
37238.jpg,1
80547.jpg,7
7273.jpg,4
34351.jpg,3
57787.jpg,6
7736.jpg,6
62385.jpg,1
66040.jpg,7
34880.jpg,4
296095.jpg,6
30151.jpg,6
93086.jpg,3
34109.jpg,9
5952.jpg,5
30836.jpg,6
39644.jpg,6
76569.jpg,0
8166.jpg,3
307640.jpg,4
73360.jpg,9
76604.jpg,6
96775.jpg,3
83550.jpg,0
74894.jpg,5
34244.jpg,4
305303.jpg,7
32977.jpg,7
31647.jpg,0
65802.jpg,3
9110.jpg,4
4147.jpg,2
95691.jpg,7
80391.jpg,2
75540.jpg,1
62812.jpg,5
38346.jpg,0
35599.jpg,8
35156.jpg,4
83807.jpg,9
32372.jpg,1
41209.jpg,6
93445.jpg,3
68541.jpg,2
6468.jpg,4
41667.jpg,2
75332.jpg,4
33662.jpg,2
45060.jpg,6
303216.jpg,6
41664.jpg,2
76555.jpg,6
61813.jpg,2
6793.jpg,6
309537.jpg,3
87290.jpg,7
35923.jpg,3
99708.jpg,0
76880.jpg,8
38463.jpg,7
78092.jpg,6
94403.jpg,6
305626.jpg,0
73210.jpg,5
86121.jpg,9
302099.jpg,9
77471.jpg,5
79315.jpg,7
59058.jpg,2
34123.jpg,5
79266.jpg,8
38291.jpg,0
80447.jpg,8
82485.jpg,4
87122.jpg,6
59674.jpg,3
89414.jpg,1
51999.jpg,0
303023.jpg,6
301184.jpg,7
75768.jpg,6
60284.jpg,1
6305.jpg,1
305474.jpg,6
36865.jpg,0
84932.jpg,9
304641.jpg,1
41401.jpg,2
53647.jpg,5
61300.jpg,6
40462.jpg,5
47584.jpg,5
80556.jpg,8
84684.jpg,8
83981.jpg,6
46500.jpg,8
49222.jpg,1
83413.jpg,5
66882.jpg,7
309595.jpg,7
72243.jpg,5
60016.jpg,6
306371.jpg,2
99562.jpg,3
93119.jpg,2
37259.jpg,4
576.jpg,0
40851.jpg,0
66096.jpg,0
7867.jpg,8
73948.jpg,2
64057.jpg,3
87800.jpg,7
59720.jpg,8
44016.jpg,1
88045.jpg,1
70145.jpg,5
50809.jpg,1
58446.jpg,8
61170.jpg,6
8492.jpg,6
72665.jpg,3
86385.jpg,7
67660.jpg,2
7726.jpg,7
8901.jpg,0
41721.jpg,9
306761.jpg,7
304495.jpg,9
43579.jpg,4
60102.jpg,0
31030.jpg,2
45901.jpg,0
303460.jpg,3
55556.jpg,4
60835.jpg,6
56294.jpg,4
92007.jpg,1
40070.jpg,2
309492.jpg,6
293692.jpg,3
76587.jpg,0
303520.jpg,1
55144.jpg,1
41615.jpg,2
92622.jpg,9
47623.jpg,9
48448.jpg,0
32158.jpg,7
87872.jpg,6
44638.jpg,7
309562.jpg,9
45849.jpg,1
48310.jpg,9
49213.jpg,8
55310.jpg,7
39901.jpg,6
89623.jpg,5
87412.jpg,3
57784.jpg,0
305723.jpg,7
68990.jpg,0
90308.jpg,7
49199.jpg,9
35442.jpg,9
306120.jpg,1
38331.jpg,6
6076.jpg,2
87862.jpg,4
56907.jpg,2
38726.jpg,0
77381.jpg,5
88858.jpg,1
7892.jpg,1
59257.jpg,5
305512.jpg,7
46594.jpg,5
40561.jpg,8
89961.jpg,9
303714.jpg,4
50745.jpg,6
91829.jpg,1
69286.jpg,6
307737.jpg,4
36746.jpg,7
30495.jpg,1
79840.jpg,6
93738.jpg,1
303612.jpg,1
96147.jpg,0
99626.jpg,1
58547.jpg,0
39832.jpg,0
57393.jpg,0
94979.jpg,5
73717.jpg,7
47377.jpg,0
88054.jpg,8
39343.jpg,5
298674.jpg,9
95063.jpg,7
57626.jpg,1
36912.jpg,6
4472.jpg,2
54867.jpg,1
33098.jpg,9
72652.jpg,4
32083.jpg,5
72905.jpg,7
75861.jpg,4
82182.jpg,0
67488.jpg,3
98267.jpg,8
63862.jpg,5
41573.jpg,8
76500.jpg,2
54375.jpg,1
9232.jpg,3
86037.jpg,1
68888.jpg,3
67553.jpg,8
96289.jpg,8
65969.jpg,4
61705.jpg,3
307758.jpg,1
8091.jpg,4
61608.jpg,6
61245.jpg,0
57463.jpg,1
89341.jpg,7
64995.jpg,1
72413.jpg,7
79555.jpg,6
43077.jpg,6
30334.jpg,6
39270.jpg,0
98630.jpg,1
295529.jpg,7
42124.jpg,7
300201.jpg,7
90996.jpg,9
46301.jpg,7
68992.jpg,1
5458.jpg,4
49678.jpg,6
45947.jpg,9
35287.jpg,6
33439.jpg,9
76937.jpg,4
3781.jpg,0
64980.jpg,7
48187.jpg,5
80858.jpg,7
298214.jpg,6
44009.jpg,2
90959.jpg,5
299398.jpg,9
75998.jpg,0
55369.jpg,7
90779.jpg,9
307696.jpg,3
81279.jpg,5
81504.jpg,9
303652.jpg,1
67673.jpg,8
4694.jpg,8
87481.jpg,8
64095.jpg,2
7923.jpg,8
7097.jpg,5
63209.jpg,0
55380.jpg,8
48004.jpg,6
54780.jpg,6
96620.jpg,8
92643.jpg,5
90138.jpg,7
58896.jpg,3
31705.jpg,2
94187.jpg,2
55518.jpg,8
75681.jpg,4
95738.jpg,4
8458.jpg,5
301678.jpg,2
58104.jpg,8
297104.jpg,8
97194.jpg,8
63749.jpg,1
307407.jpg,6
295862.jpg,3
54184.jpg,6
81235.jpg,9
65184.jpg,7
58119.jpg,5
62932.jpg,1
296502.jpg,6
6508.jpg,4
83270.jpg,9
72979.jpg,9
41590.jpg,5
38113.jpg,2
94809.jpg,6
98538.jpg,2
77619.jpg,0
30215.jpg,9
40982.jpg,6
30368.jpg,0
97524.jpg,1
63165.jpg,4
31947.jpg,9
305742.jpg,8
308775.jpg,0
52201.jpg,9
50365.jpg,2
352.jpg,5
39907.jpg,4
70560.jpg,7
79233.jpg,7
43129.jpg,7
86597.jpg,6
58141.jpg,3
50193.jpg,5
74978.jpg,5
44061.jpg,8
301950.jpg,0
306020.jpg,0
303380.jpg,8
303324.jpg,3
50254.jpg,1
71944.jpg,4
29815.jpg,5
54645.jpg,5
8734.jpg,8
66231.jpg,3
51465.jpg,9
93601.jpg,0
307252.jpg,2
68960.jpg,7
3218.jpg,1
40094.jpg,5
76268.jpg,8
53988.jpg,5
297897.jpg,6
298450.jpg,5
33985.jpg,3
85040.jpg,2
70991.jpg,8
83980.jpg,2
9257.jpg,6
82700.jpg,4
69979.jpg,1
66778.jpg,7
76374.jpg,1
87740.jpg,5
307330.jpg,6
34711.jpg,6
48722.jpg,6
99287.jpg,0
50537.jpg,4
45729.jpg,8
90576.jpg,8
60697.jpg,1
300538.jpg,8
82676.jpg,2
90762.jpg,5
49536.jpg,8
73616.jpg,8
80531.jpg,6
62522.jpg,3
65803.jpg,2
74082.jpg,1
5010.jpg,6
73161.jpg,5
86940.jpg,2
302017.jpg,9
302176.jpg,8
298687.jpg,2
73794.jpg,7
307576.jpg,3
41471.jpg,0
40388.jpg,2
37712.jpg,2
69779.jpg,6
300804.jpg,0
71120.jpg,3
98541.jpg,1
3041.jpg,2
50894.jpg,9
96828.jpg,2
300570.jpg,8
305567.jpg,9
38050.jpg,7
74560.jpg,7
70591.jpg,4
46238.jpg,6
73452.jpg,1
9538.jpg,6
95931.jpg,5
85499.jpg,1
303099.jpg,1
31303.jpg,5
48271.jpg,5
39551.jpg,6
82524.jpg,5
8389.jpg,8
31852.jpg,0
68030.jpg,5
47438.jpg,5
305444.jpg,6
299305.jpg,3
51770.jpg,7
91663.jpg,2
55478.jpg,4
66032.jpg,3
76697.jpg,8
305243.jpg,3
83937.jpg,8
77522.jpg,5
83475.jpg,6
9124.jpg,5
37379.jpg,7
71382.jpg,1
33139.jpg,6
84455.jpg,6
308811.jpg,4
65910.jpg,2
30936.jpg,8
7404.jpg,1
6199.jpg,2
63206.jpg,6
81613.jpg,9
75093.jpg,3
36488.jpg,7
305209.jpg,2
38452.jpg,6
40061.jpg,5
98112.jpg,1
307091.jpg,8
46022.jpg,1
96074.jpg,8
78514.jpg,7
34925.jpg,2
301957.jpg,7
66577.jpg,5
44650.jpg,3
74328.jpg,7
43918.jpg,1
46519.jpg,0
44992.jpg,2
4298.jpg,5
84950.jpg,4
305221.jpg,2
83786.jpg,7
35728.jpg,6
30049.jpg,1
39681.jpg,3
296979.jpg,8
8167.jpg,3
87890.jpg,8
38622.jpg,8
61596.jpg,1
35604.jpg,5
47661.jpg,8
294173.jpg,1
70845.jpg,2
45404.jpg,1
299722.jpg,2
79932.jpg,7
51829.jpg,2
66074.jpg,9
72927.jpg,1
34330.jpg,1
61274.jpg,0
44020.jpg,9
47909.jpg,4
79348.jpg,4
68596.jpg,8
58281.jpg,2
309511.jpg,8
303968.jpg,0
95016.jpg,9
97069.jpg,1
9720.jpg,3
7252.jpg,8
76234.jpg,8
38002.jpg,4
37529.jpg,6
91793.jpg,6
50058.jpg,5
92352.jpg,3
298027.jpg,3
88909.jpg,0
46527.jpg,0
4024.jpg,0
303248.jpg,3
90141.jpg,1
43818.jpg,0
34832.jpg,5
94636.jpg,0
97910.jpg,0
35334.jpg,2
32833.jpg,1
69485.jpg,3
90577.jpg,1
67521.jpg,0
50290.jpg,3
54425.jpg,2
72451.jpg,1
86726.jpg,4
6662.jpg,7
76227.jpg,2
63270.jpg,1
86192.jpg,1
295504.jpg,3
47857.jpg,8
48017.jpg,0
43004.jpg,2
56884.jpg,5
98717.jpg,4
297735.jpg,6
70891.jpg,0
75560.jpg,4
80286.jpg,8
67176.jpg,1
3536.jpg,2
66542.jpg,6
87928.jpg,5
306656.jpg,8
67817.jpg,8
295358.jpg,3
95807.jpg,2
90266.jpg,6
57429.jpg,9
50343.jpg,5
49865.jpg,5
57147.jpg,5
64674.jpg,3
309266.jpg,8
63434.jpg,1
83747.jpg,8
34046.jpg,6
38119.jpg,9
304840.jpg,9
308823.jpg,4
73946.jpg,6
30532.jpg,0
36007.jpg,3
95288.jpg,6
92776.jpg,8
33116.jpg,9
298249.jpg,8
52501.jpg,4
73456.jpg,5
35437.jpg,8
40517.jpg,3
63713.jpg,5
5131.jpg,9
92088.jpg,1
548.jpg,2
304587.jpg,1
76044.jpg,7
8239.jpg,1
297136.jpg,9
307490.jpg,1
75091.jpg,4
50180.jpg,9
60901.jpg,8
305973.jpg,4
85674.jpg,3
3175.jpg,6
48831.jpg,2
86950.jpg,0
45967.jpg,9
296995.jpg,3
55103.jpg,1
95316.jpg,8
7430.jpg,7
51763.jpg,1
63159.jpg,0
93862.jpg,1
73288.jpg,6
61135.jpg,8
74542.jpg,4
90407.jpg,7
84602.jpg,8
45603.jpg,8
99918.jpg,6
60832.jpg,1
55283.jpg,6
81805.jpg,0
69703.jpg,8
305018.jpg,6
304309.jpg,1
51583.jpg,0
79903.jpg,4
300010.jpg,2
47828.jpg,4
91351.jpg,4
68572.jpg,4
296321.jpg,1
308931.jpg,7
30175.jpg,7
293581.jpg,3
303384.jpg,4
6776.jpg,3
301694.jpg,5
71968.jpg,4
88759.jpg,8
97863.jpg,8
297035.jpg,2
70719.jpg,2
9746.jpg,7
94135.jpg,3
31495.jpg,6
3892.jpg,3
81214.jpg,5
31473.jpg,8
61701.jpg,0
306019.jpg,4
61599.jpg,7
65071.jpg,8
36412.jpg,0
41361.jpg,3
304454.jpg,2
303639.jpg,7
88702.jpg,2
55729.jpg,8
48817.jpg,4
58133.jpg,0
33165.jpg,0
98640.jpg,0
84976.jpg,5
296185.jpg,8
43363.jpg,5
67816.jpg,6
97205.jpg,8
42832.jpg,6
73026.jpg,5
69437.jpg,4
80687.jpg,7
39027.jpg,1
91739.jpg,8
9766.jpg,4
307257.jpg,6
67847.jpg,3
52603.jpg,8
37065.jpg,9
77715.jpg,6
42180.jpg,7
90675.jpg,3
82667.jpg,2
9098.jpg,0
43121.jpg,2
71762.jpg,2
65753.jpg,5
88621.jpg,7
308999.jpg,7
305595.jpg,3
54436.jpg,8
50555.jpg,4
81566.jpg,6
299262.jpg,5
306912.jpg,6
76041.jpg,6
45287.jpg,0
91567.jpg,2
62795.jpg,8
32574.jpg,7
298859.jpg,6
37850.jpg,7
62710.jpg,0
42242.jpg,2
3076.jpg,0
40448.jpg,4
88753.jpg,7
29936.jpg,7
60286.jpg,4
78793.jpg,9
65444.jpg,1
44340.jpg,7
60970.jpg,4
72940.jpg,5
91915.jpg,3
304950.jpg,7
82367.jpg,6
43946.jpg,2
299768.jpg,3
76294.jpg,5
306937.jpg,8
97949.jpg,7
66434.jpg,5
59467.jpg,3
79300.jpg,5
96295.jpg,6
93150.jpg,3
32875.jpg,6
89059.jpg,4
66711.jpg,2
29878.jpg,2
97342.jpg,6
53608.jpg,2
36628.jpg,7
85223.jpg,6
54776.jpg,6
302510.jpg,6
64481.jpg,1
301486.jpg,7
308575.jpg,2
54811.jpg,4
8808.jpg,8
55802.jpg,5
80544.jpg,2
56874.jpg,3
490.jpg,1
61171.jpg,6
81611.jpg,5
62468.jpg,6
300288.jpg,6
3568.jpg,4
6054.jpg,4
47220.jpg,3
6416.jpg,8
60663.jpg,7
9095.jpg,2
302412.jpg,0
75585.jpg,7
83643.jpg,0
76753.jpg,3
61977.jpg,7
67460.jpg,7
301003.jpg,1
306238.jpg,4
65862.jpg,4
46485.jpg,6
306271.jpg,5
83319.jpg,3
60108.jpg,9
302945.jpg,5
56838.jpg,0
68377.jpg,8
39830.jpg,6
5173.jpg,4
306814.jpg,7
89681.jpg,0
39312.jpg,0
304980.jpg,3
43827.jpg,9
82406.jpg,8
305920.jpg,9
55025.jpg,7
85184.jpg,5
97186.jpg,6
99696.jpg,2
72342.jpg,5
308950.jpg,0
3098.jpg,1
91986.jpg,4
309108.jpg,6
33064.jpg,2
66576.jpg,7
38642.jpg,9
33461.jpg,7
308632.jpg,6
60941.jpg,3
58900.jpg,6
93494.jpg,5
50785.jpg,6
57500.jpg,1
57665.jpg,4
74015.jpg,0
89327.jpg,3
34875.jpg,9
37212.jpg,1
302818.jpg,0
9079.jpg,8
86564.jpg,6
46464.jpg,8
301740.jpg,7
297383.jpg,0
94064.jpg,6
85091.jpg,7
35332.jpg,3
67212.jpg,8
76596.jpg,6
53665.jpg,4
52742.jpg,1
98886.jpg,9
75095.jpg,6
86380.jpg,8
77580.jpg,8
3446.jpg,4
299949.jpg,5
305887.jpg,8
91676.jpg,1
54310.jpg,5
88808.jpg,2
31012.jpg,5
37267.jpg,0
94037.jpg,9
303350.jpg,6
91751.jpg,0
298368.jpg,3
88229.jpg,4
65187.jpg,8
38281.jpg,4
83015.jpg,8
46325.jpg,2
307611.jpg,3
306100.jpg,3
83856.jpg,1
53060.jpg,7
308892.jpg,8
99180.jpg,4
38433.jpg,3
64175.jpg,8
8579.jpg,5
81691.jpg,8
93596.jpg,6
69716.jpg,6
94151.jpg,5
78103.jpg,2
42643.jpg,2
79493.jpg,8
93405.jpg,1
33823.jpg,9
76760.jpg,6
296742.jpg,9
8777.jpg,0
297552.jpg,0
60386.jpg,1
49652.jpg,1
301912.jpg,0
90271.jpg,9
84975.jpg,1
61410.jpg,5
46360.jpg,9
51127.jpg,4
39982.jpg,1
39765.jpg,4
55826.jpg,2
52434.jpg,4
302293.jpg,9
72694.jpg,7
98443.jpg,2
85311.jpg,7
306038.jpg,2
75547.jpg,1
57748.jpg,8
36047.jpg,1
84665.jpg,9
68662.jpg,4
78759.jpg,6
86459.jpg,6
59528.jpg,5
306852.jpg,7
59102.jpg,5
7036.jpg,9
309152.jpg,6
32764.jpg,3
300047.jpg,4
31082.jpg,1
87545.jpg,9
38057.jpg,3
307031.jpg,2
31729.jpg,8
62415.jpg,3
74903.jpg,1
33289.jpg,7
31138.jpg,8
76254.jpg,5
70128.jpg,9
37963.jpg,6
91993.jpg,0
5457.jpg,2
38126.jpg,2
32542.jpg,8
81790.jpg,5
305021.jpg,1
98624.jpg,3
33945.jpg,9
93191.jpg,8
95606.jpg,6
30741.jpg,0
34172.jpg,9
301446.jpg,8
307830.jpg,6
52492.jpg,2
91344.jpg,7
41911.jpg,1
69692.jpg,2
88393.jpg,0
309235.jpg,7
70252.jpg,1
88738.jpg,7
89213.jpg,0
8615.jpg,2
34713.jpg,7
37276.jpg,1
34001.jpg,6
72829.jpg,6
41030.jpg,3
94258.jpg,0
82305.jpg,2
74422.jpg,3
38834.jpg,4
62002.jpg,8
71899.jpg,9
75865.jpg,8
298333.jpg,8
31606.jpg,1
80712.jpg,6
97574.jpg,0
43482.jpg,7
93697.jpg,1
44417.jpg,1
97395.jpg,7
41017.jpg,1
9749.jpg,1
300828.jpg,8
295929.jpg,5
81205.jpg,7
29374.jpg,4
67924.jpg,8
88506.jpg,5
65586.jpg,1
303883.jpg,0
60140.jpg,2
305194.jpg,0
89002.jpg,0
307955.jpg,8
79958.jpg,2
40139.jpg,8
57803.jpg,7
29817.jpg,7
89302.jpg,8
93597.jpg,8
38240.jpg,6
308098.jpg,6
293827.jpg,3
54212.jpg,2
303698.jpg,5
7285.jpg,2
4335.jpg,7
76854.jpg,7
38984.jpg,7
303483.jpg,5
88001.jpg,5
37321.jpg,3
4368.jpg,2
49546.jpg,6
55987.jpg,4
39309.jpg,8
38567.jpg,6
72070.jpg,4
59826.jpg,1
91095.jpg,8
305940.jpg,9
81616.jpg,2
33240.jpg,7
306403.jpg,8
75882.jpg,2
41856.jpg,8
47761.jpg,5
84601.jpg,9
62625.jpg,5
36215.jpg,6
88917.jpg,0
5745.jpg,8
89955.jpg,0
44531.jpg,6
33007.jpg,2
91129.jpg,5
80421.jpg,5
93768.jpg,0
86151.jpg,4
58854.jpg,8
47555.jpg,3
51976.jpg,0
87841.jpg,8
308063.jpg,4
73715.jpg,5
97999.jpg,1
53717.jpg,6
305708.jpg,2
66890.jpg,5
46044.jpg,3
90058.jpg,5
88611.jpg,3
87625.jpg,7
99293.jpg,0
90491.jpg,7
298734.jpg,9
58126.jpg,9
8528.jpg,1
51905.jpg,0
308218.jpg,0
297336.jpg,7
83227.jpg,8
96380.jpg,2
81467.jpg,6
304465.jpg,6
64788.jpg,4
44067.jpg,3
63793.jpg,7
99069.jpg,0
42866.jpg,7
305673.jpg,1
34082.jpg,0
70394.jpg,5
75494.jpg,5
79045.jpg,3
72531.jpg,3
94049.jpg,0
48524.jpg,4
302336.jpg,6
45539.jpg,8
46795.jpg,5
36631.jpg,6
297463.jpg,6
84472.jpg,8
75868.jpg,6
93510.jpg,0
295133.jpg,9
300617.jpg,1
96903.jpg,8
68636.jpg,6
40362.jpg,1
81122.jpg,8
305419.jpg,4
67108.jpg,9
297971.jpg,9
58394.jpg,0
68217.jpg,5
304100.jpg,7
68186.jpg,1
70910.jpg,3
63597.jpg,1
84409.jpg,1
83421.jpg,9
83444.jpg,8
94391.jpg,4
39994.jpg,5
68866.jpg,7
305868.jpg,5
7702.jpg,7
84158.jpg,5
71029.jpg,3
52657.jpg,2
73241.jpg,0
96614.jpg,6
73631.jpg,2
32751.jpg,6
74484.jpg,7
59487.jpg,1
32697.jpg,5
52513.jpg,1
306253.jpg,5
76943.jpg,6
69365.jpg,2
56527.jpg,9
38508.jpg,0
74426.jpg,5
308486.jpg,5
72141.jpg,5
98660.jpg,1
68909.jpg,7
74972.jpg,7
63818.jpg,3
86174.jpg,6
82541.jpg,5
39743.jpg,2
4063.jpg,0
302508.jpg,7
297992.jpg,3
44986.jpg,4
44645.jpg,7
67419.jpg,2
95787.jpg,8
33900.jpg,3
96901.jpg,8
56826.jpg,4
37388.jpg,7
7083.jpg,6
74606.jpg,3
56386.jpg,8
306114.jpg,4
81490.jpg,7
56363.jpg,0
47272.jpg,3
295093.jpg,7
31758.jpg,5
70265.jpg,6
300054.jpg,1
78787.jpg,9
85403.jpg,6
302208.jpg,2
98345.jpg,2
303665.jpg,2
62131.jpg,0
80153.jpg,0
93023.jpg,8
303686.jpg,2
63629.jpg,2
97870.jpg,8
71927.jpg,3
42464.jpg,5
297418.jpg,6
39399.jpg,0
76021.jpg,1
80401.jpg,5
57495.jpg,2
47181.jpg,3
89645.jpg,9
42093.jpg,2
35018.jpg,8
68530.jpg,4
37873.jpg,5
85979.jpg,3
67306.jpg,3
53946.jpg,7
48026.jpg,5
91329.jpg,1
48641.jpg,9
74050.jpg,6
93416.jpg,4
89265.jpg,1
304606.jpg,9
6639.jpg,9
4429.jpg,3
32694.jpg,5
33398.jpg,8
56698.jpg,5
94186.jpg,5
51864.jpg,2
41610.jpg,8
43629.jpg,4
95129.jpg,3
75344.jpg,1
295108.jpg,7
76679.jpg,2
306010.jpg,8
56458.jpg,5
54356.jpg,1
81678.jpg,7
51934.jpg,4
91066.jpg,1
296913.jpg,2
35013.jpg,4
48375.jpg,8
32321.jpg,1
67452.jpg,3
45881.jpg,7
301134.jpg,3
95039.jpg,9
36818.jpg,1
38521.jpg,4
35180.jpg,4
69072.jpg,8
63164.jpg,5
46704.jpg,9
93371.jpg,1
31265.jpg,1
60368.jpg,6
302518.jpg,4
95551.jpg,0
44753.jpg,5
306492.jpg,1
58373.jpg,3
71628.jpg,9
44275.jpg,1
94224.jpg,5
68278.jpg,3
53308.jpg,8
36928.jpg,4
41785.jpg,1
66741.jpg,7
58628.jpg,7
300399.jpg,4
48199.jpg,4
54979.jpg,9
305665.jpg,9
35227.jpg,4
298107.jpg,3
29555.jpg,3
92657.jpg,9
43810.jpg,6
55753.jpg,6
30342.jpg,5
302820.jpg,9
309409.jpg,1
51807.jpg,6
54650.jpg,0
307759.jpg,4
86956.jpg,2
3553.jpg,1
41906.jpg,2
308699.jpg,0
307749.jpg,3
37340.jpg,4
85502.jpg,3
78723.jpg,0
38034.jpg,1
40737.jpg,5
55525.jpg,5
303657.jpg,1
5729.jpg,9
90454.jpg,4
66398.jpg,6
84140.jpg,6
79382.jpg,1
53332.jpg,2
299839.jpg,2
68652.jpg,6
56665.jpg,1
67432.jpg,0
303363.jpg,8
79633.jpg,8
31058.jpg,1
9849.jpg,5
44434.jpg,1
78218.jpg,1
6003.jpg,8
3558.jpg,7
43172.jpg,6
76499.jpg,1
79596.jpg,8
53788.jpg,1
86685.jpg,0
81862.jpg,0
95415.jpg,7
49494.jpg,0
33869.jpg,3
89555.jpg,6
302078.jpg,4
91987.jpg,3
58216.jpg,5
305785.jpg,3
57528.jpg,6
66785.jpg,7
81310.jpg,0
7058.jpg,4
9403.jpg,4
84341.jpg,3
70490.jpg,3
302002.jpg,8
71052.jpg,0
51348.jpg,3
55756.jpg,3
54851.jpg,4
8999.jpg,8
47601.jpg,1
98737.jpg,9
55129.jpg,1
96119.jpg,0
8841.jpg,5
61047.jpg,5
299827.jpg,1
84417.jpg,7
89524.jpg,3
6641.jpg,0
81396.jpg,5
31166.jpg,8
37695.jpg,1
99569.jpg,0
300016.jpg,4
98846.jpg,8
300254.jpg,9
85894.jpg,6
81044.jpg,8
79662.jpg,1
82043.jpg,2
54409.jpg,5
295337.jpg,6
306081.jpg,1
95447.jpg,6
33401.jpg,9
81243.jpg,2
67843.jpg,1
302541.jpg,6
51024.jpg,9
67051.jpg,3
98925.jpg,4
91313.jpg,1
67466.jpg,0
303736.jpg,6
69092.jpg,1
296206.jpg,5
36933.jpg,4
33332.jpg,3
298133.jpg,2
57163.jpg,0
50448.jpg,0
7128.jpg,5
302069.jpg,9
69761.jpg,1
44375.jpg,6
32898.jpg,7
73601.jpg,1
59297.jpg,4
294258.jpg,3
69005.jpg,4
74938.jpg,1
66694.jpg,0
52963.jpg,4
43908.jpg,1
89232.jpg,3
96708.jpg,2
65105.jpg,8
40137.jpg,1
300437.jpg,4
93386.jpg,7
45905.jpg,0
70567.jpg,8
6444.jpg,1
54788.jpg,5
48367.jpg,2
60854.jpg,4
31149.jpg,1
306733.jpg,4
68301.jpg,5
89316.jpg,3
304599.jpg,6
64151.jpg,8
41641.jpg,5
46681.jpg,4
44625.jpg,3
3250.jpg,0
72002.jpg,6
62975.jpg,6
85368.jpg,1
40370.jpg,4
92083.jpg,2
302264.jpg,0
60545.jpg,1
87097.jpg,1
50491.jpg,6
308270.jpg,5
48172.jpg,2
36231.jpg,3
73380.jpg,5
305712.jpg,6
296812.jpg,7
32717.jpg,2
67974.jpg,5
74624.jpg,2
32447.jpg,9
90329.jpg,2
7529.jpg,5
305007.jpg,2
296741.jpg,2
51073.jpg,1
296924.jpg,6
37520.jpg,9
58736.jpg,6
304429.jpg,8
301363.jpg,7
90987.jpg,7
43670.jpg,3
49414.jpg,1
58481.jpg,6
40872.jpg,4
70580.jpg,3
84726.jpg,0
36026.jpg,3
47182.jpg,7
63298.jpg,7
55968.jpg,0
52749.jpg,7
77257.jpg,1
297520.jpg,2
85405.jpg,0
4254.jpg,1
35381.jpg,0
92878.jpg,1
54703.jpg,1
77920.jpg,7
304725.jpg,8
6764.jpg,6
41621.jpg,6
80083.jpg,3
39216.jpg,8
298204.jpg,1
3302.jpg,9
70566.jpg,2
70469.jpg,6
50408.jpg,6
296783.jpg,6
65787.jpg,2
94535.jpg,9
306056.jpg,0
70906.jpg,8
80465.jpg,7
56775.jpg,1
3140.jpg,7
55297.jpg,7
8343.jpg,0
51515.jpg,2
7961.jpg,0
62374.jpg,9
35769.jpg,4
36109.jpg,1
303232.jpg,2
77479.jpg,3
98945.jpg,0
67760.jpg,2
63039.jpg,2
78713.jpg,4
80028.jpg,9
309599.jpg,4
98254.jpg,2
41636.jpg,1
56081.jpg,0
64740.jpg,4
36687.jpg,8
92975.jpg,4
84408.jpg,0
62952.jpg,6
93493.jpg,6
84349.jpg,6
41019.jpg,7
79836.jpg,0
3909.jpg,7
49965.jpg,9
39134.jpg,4
49252.jpg,5
99850.jpg,1
36609.jpg,3
54942.jpg,3
57294.jpg,3
309634.jpg,5
34825.jpg,8
99734.jpg,5
95012.jpg,0
842.jpg,2
65938.jpg,3
5520.jpg,5
47577.jpg,4
77553.jpg,2
73024.jpg,3
54610.jpg,6
45163.jpg,5
42774.jpg,2
43240.jpg,5
6933.jpg,3
3870.jpg,4
297658.jpg,1
93598.jpg,9
67231.jpg,3
31787.jpg,3
55889.jpg,4
5354.jpg,0
9416.jpg,1
78282.jpg,5
38193.jpg,0
299926.jpg,6
75760.jpg,8
73829.jpg,2
86048.jpg,0
83470.jpg,8
75395.jpg,2
82029.jpg,4
97669.jpg,2
68607.jpg,1
64137.jpg,0
49851.jpg,0
300516.jpg,2
300645.jpg,1
304522.jpg,8
45971.jpg,7
59426.jpg,6
61075.jpg,8
294466.jpg,3
40453.jpg,1
302404.jpg,6
97600.jpg,9
30946.jpg,5
41124.jpg,4
69304.jpg,9
96153.jpg,6
45856.jpg,2
73905.jpg,7
32622.jpg,5
99659.jpg,0
32196.jpg,5
62607.jpg,9
42806.jpg,2
52054.jpg,8
302627.jpg,5
77045.jpg,5
304111.jpg,2
89162.jpg,8
94846.jpg,5
57099.jpg,8
36210.jpg,0
80354.jpg,6
303288.jpg,4
61630.jpg,9
87346.jpg,2
33683.jpg,1
96214.jpg,8
67065.jpg,7
72675.jpg,1
79263.jpg,3
77570.jpg,0
88319.jpg,8
57067.jpg,5
35791.jpg,6
33759.jpg,0
79276.jpg,4
40366.jpg,4
296079.jpg,8
42969.jpg,8
92393.jpg,6
83891.jpg,8
84822.jpg,4
56437.jpg,2
64751.jpg,9
73354.jpg,4
49513.jpg,3
44397.jpg,7
31860.jpg,3
61029.jpg,8
41167.jpg,4
54576.jpg,5
9317.jpg,6
306182.jpg,7
966.jpg,2
74140.jpg,9
49322.jpg,5
53637.jpg,4
61306.jpg,8
91671.jpg,7
94234.jpg,0
66363.jpg,4
82207.jpg,2
74168.jpg,3
68575.jpg,4
31420.jpg,9
48184.jpg,5
50510.jpg,1
59530.jpg,3
66009.jpg,2
297868.jpg,9
98198.jpg,0
298994.jpg,2
67185.jpg,2
31847.jpg,8
56473.jpg,2
296073.jpg,4
4725.jpg,2
54390.jpg,7
96605.jpg,4
61127.jpg,8
368.jpg,6
60999.jpg,6
94110.jpg,6
29756.jpg,5
30199.jpg,7
38690.jpg,6
70912.jpg,4
54208.jpg,8
54934.jpg,3
65726.jpg,1
51890.jpg,0
63855.jpg,1
42403.jpg,5
298848.jpg,3
30266.jpg,0
99045.jpg,2
44132.jpg,1
68262.jpg,5
307761.jpg,5
79901.jpg,7
55523.jpg,5
34020.jpg,3
84433.jpg,8
42209.jpg,3
40799.jpg,6
85212.jpg,9
35967.jpg,6
60743.jpg,7
70890.jpg,7
49090.jpg,6
74742.jpg,7
7830.jpg,2
89805.jpg,8
88060.jpg,2
55098.jpg,6
8142.jpg,7
64081.jpg,5
93398.jpg,6
42508.jpg,2
99908.jpg,0
43519.jpg,0
307127.jpg,9
56452.jpg,6
65316.jpg,5
92304.jpg,4
805.jpg,4
62997.jpg,2
61277.jpg,6
31110.jpg,4
57600.jpg,2
299009.jpg,8
57109.jpg,4
74540.jpg,5
76938.jpg,7
29871.jpg,4
74095.jpg,2
56666.jpg,3
810.jpg,3
38505.jpg,3
98023.jpg,4
61263.jpg,3
301560.jpg,5
94940.jpg,3
75423.jpg,8
69983.jpg,8
302442.jpg,6
86608.jpg,0
77265.jpg,1
96322.jpg,1
48525.jpg,4
303447.jpg,0
50235.jpg,6
98605.jpg,3
3157.jpg,1
303852.jpg,5
69899.jpg,2
298575.jpg,6
8942.jpg,0
93236.jpg,3
77339.jpg,5
65182.jpg,5
51180.jpg,9
83373.jpg,1
75851.jpg,1
99265.jpg,5
299896.jpg,7
50232.jpg,1
31258.jpg,4
29811.jpg,6
297568.jpg,2
69701.jpg,4
51466.jpg,0
43187.jpg,1
79172.jpg,6
65853.jpg,4
53239.jpg,0
6950.jpg,4
77499.jpg,1
59614.jpg,3
298971.jpg,0
73756.jpg,9
66733.jpg,1
66614.jpg,4
94669.jpg,7
61986.jpg,8
6066.jpg,1
33190.jpg,8
306721.jpg,6
78424.jpg,0
306222.jpg,6
65293.jpg,7
98079.jpg,2
5656.jpg,6
33624.jpg,5
306869.jpg,5
39443.jpg,0
95325.jpg,7
59260.jpg,4
65833.jpg,8
50038.jpg,2
62443.jpg,5
304764.jpg,9
63924.jpg,0
38199.jpg,5
41280.jpg,9
9108.jpg,5
31962.jpg,2
306809.jpg,3
8789.jpg,9
7924.jpg,0
3520.jpg,0
53195.jpg,6
62257.jpg,7
48013.jpg,5
54923.jpg,1
308244.jpg,3
96801.jpg,5
70353.jpg,7
31281.jpg,1
79929.jpg,7
74090.jpg,6
41309.jpg,6
45394.jpg,3
80263.jpg,2
306783.jpg,4
300205.jpg,3
82535.jpg,5
302322.jpg,8
37615.jpg,3
98513.jpg,0
99872.jpg,5
84378.jpg,9
98655.jpg,6
58696.jpg,8
296567.jpg,5
55558.jpg,8
88672.jpg,1
50218.jpg,1
42081.jpg,7
58606.jpg,9
47128.jpg,1
299109.jpg,3
300135.jpg,0
30518.jpg,5
97578.jpg,8
76811.jpg,0
306275.jpg,8
83171.jpg,1
303940.jpg,6
76952.jpg,6
48193.jpg,3
3753.jpg,7
299615.jpg,0
49961.jpg,0
295343.jpg,1
78726.jpg,1
303858.jpg,0
89052.jpg,1
98376.jpg,2
88398.jpg,7
90510.jpg,1
31065.jpg,5
71412.jpg,2
77871.jpg,0
89784.jpg,7
45958.jpg,1
70132.jpg,2
309462.jpg,5
54540.jpg,6
32287.jpg,8
45702.jpg,4
57574.jpg,0
57288.jpg,6
51478.jpg,5
304740.jpg,3
44506.jpg,8
83300.jpg,2
44352.jpg,7
41364.jpg,3
87930.jpg,3
81254.jpg,3
65705.jpg,9
69451.jpg,2
53139.jpg,4
5767.jpg,9
47148.jpg,2
60022.jpg,9
88415.jpg,0
3853.jpg,8
91813.jpg,5
71138.jpg,2
55221.jpg,1
37029.jpg,2
75849.jpg,2
6561.jpg,8
84283.jpg,6
55863.jpg,8
4176.jpg,2
296388.jpg,7
30516.jpg,5
35477.jpg,5
63667.jpg,4
76149.jpg,3
301622.jpg,6
91110.jpg,6
33575.jpg,6
65301.jpg,2
85038.jpg,3
41695.jpg,6
74329.jpg,0
7793.jpg,3
31879.jpg,1
293307.jpg,7
91430.jpg,8
69768.jpg,6
299085.jpg,5
33131.jpg,0
29931.jpg,7
81067.jpg,1
51783.jpg,2
40423.jpg,2
62879.jpg,3
83360.jpg,6
96957.jpg,5
6961.jpg,3
61750.jpg,0
98499.jpg,2
78309.jpg,5
39638.jpg,1
57620.jpg,5
71739.jpg,2
34530.jpg,0
298012.jpg,8
85029.jpg,0
39609.jpg,0
84840.jpg,2
52051.jpg,8
84099.jpg,7
63909.jpg,0
86759.jpg,8
300964.jpg,6
63409.jpg,5
85376.jpg,8
36662.jpg,1
80130.jpg,8
67280.jpg,1
99955.jpg,0
36981.jpg,8
40507.jpg,8
98415.jpg,5
56399.jpg,9
89619.jpg,4
7137.jpg,8
63572.jpg,4
574.jpg,7
55778.jpg,5
33955.jpg,5
42847.jpg,0
49469.jpg,5
59177.jpg,1
9360.jpg,4
72111.jpg,5
49599.jpg,1
41846.jpg,8
84399.jpg,6
43237.jpg,7
9788.jpg,9
39777.jpg,8
299444.jpg,6
9482.jpg,2
45502.jpg,5
5851.jpg,8
58607.jpg,2
7886.jpg,0
299034.jpg,5
41719.jpg,0
63925.jpg,0
5367.jpg,3
68213.jpg,6
56693.jpg,8
299594.jpg,0
298815.jpg,8
67191.jpg,4
308712.jpg,5
78438.jpg,1
56864.jpg,3
74581.jpg,5
35667.jpg,6
307790.jpg,1
65438.jpg,2
49873.jpg,0
68076.jpg,8
60862.jpg,6
42460.jpg,1
58745.jpg,8
67994.jpg,0
38353.jpg,0
99113.jpg,7
37040.jpg,7
84009.jpg,1
299838.jpg,6
52251.jpg,6
98719.jpg,1
49198.jpg,7
33612.jpg,2
89306.jpg,7
67079.jpg,7
302608.jpg,4
31507.jpg,0
63160.jpg,3
64053.jpg,8
50425.jpg,0
297132.jpg,9
88221.jpg,9
88006.jpg,3
300760.jpg,3
70255.jpg,2
49042.jpg,6
34245.jpg,8
9654.jpg,7
66719.jpg,3
91288.jpg,0
30177.jpg,9
71139.jpg,2
36622.jpg,4
83581.jpg,9
60872.jpg,6
38516.jpg,7
36095.jpg,0
89267.jpg,4
87655.jpg,7
82842.jpg,4
52289.jpg,9
77657.jpg,0
84823.jpg,6
75488.jpg,2
79564.jpg,1
73291.jpg,7
77533.jpg,3
99227.jpg,7
68449.jpg,6
86201.jpg,6
306582.jpg,8
298959.jpg,4
34097.jpg,5
50806.jpg,0
97100.jpg,1
7217.jpg,7
76298.jpg,6
71833.jpg,6
39137.jpg,1
60689.jpg,5
5697.jpg,2
91085.jpg,1
55368.jpg,2
33733.jpg,3
53345.jpg,2
297821.jpg,2
304492.jpg,6
87188.jpg,6
307095.jpg,5
42542.jpg,5
55543.jpg,6
85106.jpg,6
68413.jpg,0
300943.jpg,4
54868.jpg,4
46541.jpg,1
72196.jpg,1
38085.jpg,5
34503.jpg,4
88670.jpg,7
40496.jpg,4
65463.jpg,0
74124.jpg,7
73484.jpg,4
34032.jpg,4
67160.jpg,2
305766.jpg,4
300722.jpg,9
302936.jpg,4
77059.jpg,8
30222.jpg,8
88784.jpg,3
97208.jpg,1
35677.jpg,7
48357.jpg,9
4373.jpg,4
56483.jpg,0
36758.jpg,9
46638.jpg,8
68644.jpg,9
57709.jpg,3
78366.jpg,0
58587.jpg,0
81360.jpg,4
76931.jpg,8
45110.jpg,8
51724.jpg,0
94788.jpg,0
84711.jpg,9
89256.jpg,2
92194.jpg,5
36726.jpg,6
57239.jpg,2
77975.jpg,3
294066.jpg,3
69152.jpg,9
53661.jpg,3
96705.jpg,8
65348.jpg,0
73352.jpg,0
37385.jpg,1
60395.jpg,4
77891.jpg,4
63528.jpg,3
75273.jpg,1
7727.jpg,0
8515.jpg,7
295864.jpg,6
96947.jpg,8
80607.jpg,6
62371.jpg,8
33369.jpg,6
76316.jpg,8
59311.jpg,6
78126.jpg,7
74686.jpg,3
70163.jpg,7
297529.jpg,2
30044.jpg,4
41697.jpg,0
70788.jpg,8
56048.jpg,2
298084.jpg,2
295588.jpg,1
87298.jpg,2
38908.jpg,5
75167.jpg,7
298373.jpg,7
302480.jpg,8
97678.jpg,4
46990.jpg,5
304996.jpg,6
75501.jpg,6
50930.jpg,0
63709.jpg,4
76845.jpg,6
302679.jpg,1
3258.jpg,4
300224.jpg,7
300853.jpg,1
61044.jpg,6
77589.jpg,1
47071.jpg,4
62427.jpg,5
94098.jpg,9
79768.jpg,9
64035.jpg,2
59181.jpg,0
45079.jpg,5
6321.jpg,7
88925.jpg,5
71695.jpg,0
73180.jpg,6
84944.jpg,1
302209.jpg,1
86916.jpg,1
45493.jpg,1
71498.jpg,1
308254.jpg,0
70480.jpg,6
76930.jpg,6
48316.jpg,2
80089.jpg,7
302871.jpg,1
65331.jpg,2
86328.jpg,6
78809.jpg,6
31257.jpg,1
296552.jpg,3
297901.jpg,0
6864.jpg,8
59019.jpg,2
65353.jpg,9
5941.jpg,0
52316.jpg,4
79061.jpg,0
32353.jpg,2
68538.jpg,5
41964.jpg,4
39855.jpg,2
77454.jpg,0
80755.jpg,2
72471.jpg,8
72876.jpg,0
297898.jpg,4
83618.jpg,3
73384.jpg,9
42457.jpg,5
88348.jpg,0
95254.jpg,7
42631.jpg,8
58454.jpg,2
8838.jpg,6
39787.jpg,8
43584.jpg,1
62950.jpg,4
72431.jpg,1
87779.jpg,6
49442.jpg,9
60321.jpg,0
300583.jpg,0
84303.jpg,8
37118.jpg,8
7052.jpg,2
95971.jpg,2
66480.jpg,4
83502.jpg,1
58181.jpg,2
54469.jpg,0
300405.jpg,6
32476.jpg,0
91882.jpg,6
97657.jpg,3
5492.jpg,1
64371.jpg,7
74334.jpg,4
57183.jpg,6
60767.jpg,0
86643.jpg,1
84388.jpg,8
90012.jpg,3
70001.jpg,2
32648.jpg,2
299670.jpg,7
305151.jpg,5
299923.jpg,2
309614.jpg,5
301590.jpg,6
7032.jpg,7
40766.jpg,6
86782.jpg,1
306475.jpg,5
8283.jpg,7
40160.jpg,3
85879.jpg,1
64146.jpg,5
93762.jpg,0
8376.jpg,6
39479.jpg,6
79089.jpg,2
61290.jpg,6
50151.jpg,2
80498.jpg,0
34819.jpg,5
43189.jpg,3
300492.jpg,5
93325.jpg,0
88411.jpg,4
308717.jpg,1
87894.jpg,0
89469.jpg,7
66834.jpg,5
65978.jpg,1
42345.jpg,0
5068.jpg,7
82071.jpg,8
62282.jpg,0
65964.jpg,6
3599.jpg,0
87210.jpg,9
56798.jpg,5
75617.jpg,4
80875.jpg,4
57116.jpg,9
88821.jpg,2
304750.jpg,8
45700.jpg,5
4662.jpg,1
57211.jpg,2
33738.jpg,7
32557.jpg,0
97001.jpg,8
35259.jpg,4
37260.jpg,1
59070.jpg,7
88005.jpg,8
80189.jpg,4
31163.jpg,1
63271.jpg,0
3014.jpg,2
75642.jpg,4
301857.jpg,4
7341.jpg,7
302120.jpg,8
87262.jpg,3
306093.jpg,8
53353.jpg,7
41895.jpg,7
50069.jpg,7
87347.jpg,0
55208.jpg,6
299997.jpg,1
302280.jpg,8
304964.jpg,6
94797.jpg,8
331.jpg,6
56657.jpg,8
72854.jpg,1
60199.jpg,8
58924.jpg,2
49403.jpg,1
59475.jpg,4
48478.jpg,0
42097.jpg,6
85561.jpg,0
72816.jpg,7
87259.jpg,8
9457.jpg,8
69342.jpg,4
81635.jpg,9
79511.jpg,6
31197.jpg,4
39679.jpg,0
86753.jpg,6
44345.jpg,2
65485.jpg,0
78576.jpg,8
91977.jpg,0
49366.jpg,0
79224.jpg,0
299067.jpg,2
446.jpg,9
49310.jpg,2
45515.jpg,1
89849.jpg,3
4349.jpg,0
93903.jpg,7
60716.jpg,6
73227.jpg,5
305736.jpg,3
297545.jpg,3
46133.jpg,2
3201.jpg,3
62327.jpg,8
35856.jpg,4
49764.jpg,0
91521.jpg,3
84749.jpg,2
6623.jpg,5
96293.jpg,0
300381.jpg,1
42454.jpg,8
54397.jpg,7
304030.jpg,7
90911.jpg,3
305380.jpg,7
44420.jpg,2
52684.jpg,0
302131.jpg,1
300877.jpg,2
31267.jpg,6
82845.jpg,0
33408.jpg,1
70928.jpg,9
305686.jpg,9
704.jpg,2
33010.jpg,6
68012.jpg,2
298022.jpg,3
60361.jpg,2
50844.jpg,3
306405.jpg,4
64617.jpg,6
31320.jpg,9
78242.jpg,2
39340.jpg,5
297198.jpg,5
75734.jpg,2
53868.jpg,0
71066.jpg,9
74940.jpg,7
90501.jpg,3
75747.jpg,0
46524.jpg,4
70495.jpg,6
40603.jpg,7
59291.jpg,2
33386.jpg,5
301780.jpg,2
56375.jpg,0
85620.jpg,3
99906.jpg,5
66850.jpg,8
39957.jpg,9
299013.jpg,0
57564.jpg,1
47859.jpg,2
84418.jpg,2
8846.jpg,7
306847.jpg,3
7825.jpg,3
33330.jpg,7
38570.jpg,1
299591.jpg,1
34190.jpg,8
31001.jpg,2
38689.jpg,4
41486.jpg,9
58596.jpg,8
49077.jpg,8
303784.jpg,1
69637.jpg,1
309687.jpg,5
51845.jpg,1
309656.jpg,1
74316.jpg,2
41205.jpg,0
41353.jpg,0
89436.jpg,4
31943.jpg,8
91072.jpg,3
92163.jpg,6
65906.jpg,7
72054.jpg,0
304076.jpg,9
68073.jpg,0
90406.jpg,0
61603.jpg,0
81516.jpg,4
37526.jpg,7
56108.jpg,7
296988.jpg,1
87680.jpg,1
306545.jpg,6
6072.jpg,8
51425.jpg,0
90671.jpg,5
74223.jpg,7
8233.jpg,2
94644.jpg,3
98662.jpg,1
46491.jpg,8
63171.jpg,8
60528.jpg,2
45179.jpg,1
83837.jpg,3
72458.jpg,1
41926.jpg,8
79144.jpg,3
306568.jpg,1
59905.jpg,2
30182.jpg,0
81852.jpg,0
70196.jpg,2
37855.jpg,6
295813.jpg,1
295329.jpg,3
9890.jpg,5
50108.jpg,1
43419.jpg,8
305349.jpg,4
88156.jpg,1
32575.jpg,6
93281.jpg,9
72688.jpg,7
91477.jpg,3
81873.jpg,5
54835.jpg,6
72858.jpg,6
60240.jpg,4
53490.jpg,1
77934.jpg,3
56646.jpg,8
300465.jpg,1
296379.jpg,7
94539.jpg,1
69640.jpg,1
88520.jpg,6
58078.jpg,0
4265.jpg,1
77038.jpg,7
80321.jpg,0
39986.jpg,3
31777.jpg,9
39926.jpg,3
90255.jpg,3
73848.jpg,0
8365.jpg,2
68617.jpg,1
86497.jpg,4
59962.jpg,7
59949.jpg,2
35866.jpg,1
73253.jpg,3
67443.jpg,5
298829.jpg,2
88993.jpg,8
56423.jpg,3
38205.jpg,8
63870.jpg,2
38954.jpg,1
64239.jpg,5
78372.jpg,7
69468.jpg,0
47914.jpg,1
78579.jpg,8
56695.jpg,7
74495.jpg,4
9993.jpg,3
43385.jpg,6
92303.jpg,6
309041.jpg,3
48038.jpg,9
75320.jpg,3
3902.jpg,2
35169.jpg,7
99272.jpg,6
298233.jpg,6
9118.jpg,4
95794.jpg,8
71965.jpg,4
39714.jpg,3
95788.jpg,1
93932.jpg,8
43122.jpg,6
46065.jpg,9
59040.jpg,6
99505.jpg,5
69671.jpg,7
73470.jpg,5
72943.jpg,5
52014.jpg,1
58448.jpg,4
49318.jpg,6
55797.jpg,3
63820.jpg,8
36086.jpg,6
52030.jpg,1
39930.jpg,4
306528.jpg,7
37303.jpg,0
81892.jpg,8
297600.jpg,1
98694.jpg,9
90432.jpg,5
6955.jpg,8
78668.jpg,8
299953.jpg,3
93785.jpg,8
298457.jpg,7
54295.jpg,5
301494.jpg,7
93923.jpg,2
42721.jpg,1
8830.jpg,5
305065.jpg,0
65310.jpg,3
6218.jpg,2
95215.jpg,0
71473.jpg,2
520.jpg,1
98017.jpg,1
308309.jpg,2
63417.jpg,0
305005.jpg,4
298499.jpg,3
67869.jpg,8
47270.jpg,2
298445.jpg,5
99778.jpg,6
46320.jpg,0
47724.jpg,8
38661.jpg,3
299608.jpg,1
42992.jpg,9
78558.jpg,1
80108.jpg,4
50931.jpg,0
296150.jpg,8
300619.jpg,2
3618.jpg,4
34332.jpg,4
93161.jpg,1
29794.jpg,1
308934.jpg,9
60292.jpg,3
52759.jpg,3
44963.jpg,0
301331.jpg,1
302694.jpg,3
92100.jpg,8
54535.jpg,5
98834.jpg,4
86540.jpg,1
7568.jpg,8
53268.jpg,9
33711.jpg,5
65037.jpg,2
62162.jpg,6
60449.jpg,1
9785.jpg,2
77903.jpg,2
36277.jpg,6
305743.jpg,0
300938.jpg,8
85711.jpg,0
32824.jpg,3
50296.jpg,5
93125.jpg,6
304066.jpg,4
42678.jpg,0
62966.jpg,6
47923.jpg,4
309382.jpg,4
71882.jpg,0
70790.jpg,1
94621.jpg,5
85688.jpg,7
39155.jpg,9
747.jpg,9
83845.jpg,4
72494.jpg,6
308585.jpg,6
44096.jpg,6
97154.jpg,0
33903.jpg,9
5982.jpg,5
43043.jpg,3
8748.jpg,4
297730.jpg,3
62577.jpg,0
81112.jpg,8
45019.jpg,0
300745.jpg,4
32056.jpg,0
87642.jpg,6
9795.jpg,4
70504.jpg,2
38858.jpg,4
303725.jpg,7
84410.jpg,2
85930.jpg,5
40724.jpg,4
30283.jpg,2
53288.jpg,6
3958.jpg,3
68028.jpg,5
39888.jpg,4
90220.jpg,8
33140.jpg,0
76168.jpg,7
309370.jpg,8
3985.jpg,8
55595.jpg,8
93290.jpg,7
55124.jpg,7
46544.jpg,1
54283.jpg,1
83345.jpg,5
314.jpg,7
54015.jpg,3
297533.jpg,7
92373.jpg,1
84305.jpg,7
48174.jpg,5
70104.jpg,4
51467.jpg,0
54917.jpg,5
80906.jpg,5
64544.jpg,7
88166.jpg,2
92233.jpg,7
69978.jpg,8
44200.jpg,9
36308.jpg,0
91332.jpg,2
65367.jpg,0
44876.jpg,8
96174.jpg,2
303475.jpg,0
79138.jpg,8
41932.jpg,6
9357.jpg,7
39152.jpg,3
299240.jpg,4
92168.jpg,3
69727.jpg,5
88204.jpg,0
54641.jpg,1
80294.jpg,7
31250.jpg,5
303914.jpg,9
86922.jpg,3
74777.jpg,2
74075.jpg,0
299520.jpg,7
48063.jpg,8
80285.jpg,8
32755.jpg,6
95149.jpg,4
68569.jpg,7
300978.jpg,8
48929.jpg,6
68825.jpg,8
45615.jpg,9
55985.jpg,2
298807.jpg,8
42737.jpg,2
6272.jpg,6
79117.jpg,1
88852.jpg,8
48092.jpg,2
87881.jpg,2
32477.jpg,4
32494.jpg,8
38237.jpg,6
64512.jpg,7
81946.jpg,6
82521.jpg,7
84053.jpg,0
303572.jpg,1
86988.jpg,1
65610.jpg,6
33263.jpg,8
90207.jpg,7
72340.jpg,4
40038.jpg,1
87947.jpg,0
7203.jpg,9
98265.jpg,4
77969.jpg,1
77464.jpg,2
71246.jpg,6
87612.jpg,1
55332.jpg,5
308719.jpg,2
79917.jpg,3
306576.jpg,5
77195.jpg,4
29804.jpg,5
46446.jpg,4
45177.jpg,6
41113.jpg,1
47303.jpg,5
300534.jpg,9
78016.jpg,6
308315.jpg,5
81277.jpg,8
302648.jpg,3
297129.jpg,9
51396.jpg,9
307629.jpg,2
55837.jpg,6
9021.jpg,9
94680.jpg,4
49266.jpg,5
46912.jpg,7
9829.jpg,7
98935.jpg,0
99015.jpg,1
84144.jpg,2
63921.jpg,0
73495.jpg,4
66292.jpg,1
297776.jpg,6
64627.jpg,1
69014.jpg,8
77340.jpg,6
40180.jpg,3
309674.jpg,0
44277.jpg,0
69403.jpg,0
73758.jpg,7
74699.jpg,7
303896.jpg,8
297888.jpg,8
86867.jpg,0
306219.jpg,4
30066.jpg,8
82501.jpg,3
61659.jpg,5
298.jpg,7
58051.jpg,2
30862.jpg,1
39342.jpg,7
91397.jpg,1
66695.jpg,6
5828.jpg,3
31653.jpg,0
94080.jpg,5
59575.jpg,6
45263.jpg,8
303125.jpg,2
67194.jpg,8
7419.jpg,7
87480.jpg,5
296853.jpg,7
72193.jpg,8
301639.jpg,6
38010.jpg,4
59964.jpg,8
65268.jpg,1
42763.jpg,6
85997.jpg,5
89605.jpg,5
73633.jpg,3
93590.jpg,0
80873.jpg,4
7666.jpg,0
82666.jpg,3
78377.jpg,3
32030.jpg,4
309035.jpg,5
309689.jpg,5
39165.jpg,2
93337.jpg,5
74042.jpg,0
47744.jpg,9
48143.jpg,4
83976.jpg,8
49857.jpg,8
87374.jpg,2
63251.jpg,1
77686.jpg,3
301452.jpg,2
93961.jpg,6
98680.jpg,4
42964.jpg,8
54700.jpg,8
97027.jpg,1
3382.jpg,7
42897.jpg,6
304287.jpg,0
40036.jpg,8
308021.jpg,8
296702.jpg,9
46868.jpg,3
91089.jpg,0
32013.jpg,7
309455.jpg,4
39588.jpg,4
73391.jpg,9
300253.jpg,3
95052.jpg,8
5055.jpg,3
95092.jpg,4
89272.jpg,5
70431.jpg,0
780.jpg,8
74802.jpg,5
84709.jpg,7
70879.jpg,0
80323.jpg,7
300117.jpg,7
94502.jpg,1
46305.jpg,3
96223.jpg,1
36041.jpg,8
305085.jpg,8
53257.jpg,2
80886.jpg,1
53591.jpg,9
32397.jpg,2
7651.jpg,4
33883.jpg,7
71821.jpg,1
71488.jpg,8
60412.jpg,5
36004.jpg,1
298534.jpg,0
81406.jpg,7
66503.jpg,7
43968.jpg,6
33053.jpg,4
299323.jpg,3
34560.jpg,8
64876.jpg,7
306824.jpg,4
309704.jpg,1
306486.jpg,7
68136.jpg,1
85118.jpg,5
51668.jpg,6
61538.jpg,1
64722.jpg,3
55399.jpg,9
296283.jpg,8
43232.jpg,8
59868.jpg,4
29585.jpg,1
63365.jpg,4
46123.jpg,1
34421.jpg,2
77017.jpg,7
92443.jpg,6
74993.jpg,7
72347.jpg,4
36287.jpg,0
30172.jpg,0
99911.jpg,3
97996.jpg,8
53479.jpg,1
45411.jpg,3
82642.jpg,5
94847.jpg,6
300922.jpg,2
64482.jpg,6
43674.jpg,2
300303.jpg,8
64339.jpg,7
69887.jpg,4
297660.jpg,6
42538.jpg,5
57760.jpg,8
79826.jpg,8
50446.jpg,1
306967.jpg,3
45898.jpg,8
37681.jpg,3
81754.jpg,2
80029.jpg,7
55220.jpg,0
42005.jpg,3
300584.jpg,5
34790.jpg,2
49827.jpg,3
51935.jpg,0
297995.jpg,7
71038.jpg,9
300829.jpg,6
301283.jpg,7
63838.jpg,1
299465.jpg,7
9479.jpg,6
81662.jpg,7
68855.jpg,6
47880.jpg,2
98777.jpg,0
97244.jpg,5
3565.jpg,3
86282.jpg,2
78590.jpg,1
38777.jpg,8
50548.jpg,4
57324.jpg,8
85691.jpg,2
88856.jpg,1
67015.jpg,4
303729.jpg,2
305741.jpg,1
81473.jpg,0
45759.jpg,8
5583.jpg,0
308988.jpg,7
66451.jpg,3
33325.jpg,2
298132.jpg,6
90264.jpg,2
35457.jpg,2
82796.jpg,4
53322.jpg,7
76849.jpg,2
33963.jpg,6
68576.jpg,6
52833.jpg,6
3343.jpg,0
41093.jpg,0
91745.jpg,8
31154.jpg,1
98243.jpg,4
67518.jpg,1
88648.jpg,5
72586.jpg,0
7648.jpg,1
50829.jpg,2
80417.jpg,7
55379.jpg,1
73581.jpg,7
75792.jpg,1
9687.jpg,6
308552.jpg,6
82964.jpg,9
52070.jpg,8
62052.jpg,8
88338.jpg,1
82813.jpg,8
43432.jpg,8
99622.jpg,7
88339.jpg,2
99366.jpg,3
54772.jpg,0
32741.jpg,7
57371.jpg,1
72533.jpg,4
70039.jpg,1
70703.jpg,6
42458.jpg,4
69733.jpg,6
51903.jpg,5
35912.jpg,6
306802.jpg,8
294699.jpg,7
30468.jpg,2
91825.jpg,1
304421.jpg,5
54176.jpg,7
68218.jpg,1
33022.jpg,5
57344.jpg,8
66346.jpg,7
301566.jpg,1
37044.jpg,6
5824.jpg,4
5612.jpg,5
45313.jpg,1
38404.jpg,6
37230.jpg,3
76002.jpg,6
55890.jpg,7
57417.jpg,9
3332.jpg,5
303990.jpg,6
77614.jpg,9
39713.jpg,3
82536.jpg,4
293520.jpg,3
36343.jpg,1
58942.jpg,0
51987.jpg,9
67085.jpg,5
667.jpg,0
303685.jpg,7
38375.jpg,9
94892.jpg,6
42227.jpg,8
7504.jpg,4
86434.jpg,0
36103.jpg,1
86833.jpg,2
32307.jpg,2
75139.jpg,4
31566.jpg,0
92659.jpg,1
66379.jpg,8
43502.jpg,1
8893.jpg,8
9041.jpg,3
97615.jpg,4
44088.jpg,9
34870.jpg,2
81898.jpg,2
59623.jpg,7
98146.jpg,2
9605.jpg,6
83255.jpg,5
98752.jpg,6
302711.jpg,0
78286.jpg,5
88994.jpg,5
83055.jpg,3
9744.jpg,1
77312.jpg,3
97613.jpg,1
76951.jpg,4
51481.jpg,6
34148.jpg,4
304955.jpg,1
68339.jpg,3
308115.jpg,4
64798.jpg,3
296927.jpg,8
32218.jpg,4
87478.jpg,3
29688.jpg,1
293943.jpg,3
35240.jpg,0
29900.jpg,7
44785.jpg,7
54433.jpg,4
43608.jpg,5
58672.jpg,3
48506.jpg,3
304272.jpg,1
3884.jpg,7
8109.jpg,7
43137.jpg,7
49582.jpg,5
60219.jpg,7
63565.jpg,1
61378.jpg,8
77328.jpg,0
97145.jpg,0
72238.jpg,8
50418.jpg,0
91871.jpg,6
31903.jpg,5
38312.jpg,3
64278.jpg,6
67099.jpg,3
302745.jpg,2
297580.jpg,2
57052.jpg,1
46873.jpg,5
63911.jpg,1
295305.jpg,7
73828.jpg,2
74844.jpg,9
32783.jpg,2
49448.jpg,1
75684.jpg,1
80586.jpg,5
64045.jpg,3
40753.jpg,9
43811.jpg,1
68385.jpg,8
85647.jpg,5
63851.jpg,3
297671.jpg,1
4722.jpg,9
61372.jpg,6
30047.jpg,8
33537.jpg,7
72380.jpg,1
303604.jpg,6
42289.jpg,7
49918.jpg,5
787.jpg,6
82067.jpg,8
64774.jpg,7
87891.jpg,6
8875.jpg,4
52708.jpg,5
293823.jpg,3
299129.jpg,6
306109.jpg,1
45180.jpg,9
51295.jpg,1
67987.jpg,6
66964.jpg,8
79403.jpg,7
79945.jpg,6
300524.jpg,8
300000.jpg,2
79062.jpg,0
42200.jpg,4
301360.jpg,4
301268.jpg,3
33545.jpg,2
300530.jpg,9
501.jpg,7
30845.jpg,1
308886.jpg,2
86260.jpg,1
5056.jpg,1
299746.jpg,6
73487.jpg,9
32099.jpg,8
305000.jpg,5
302649.jpg,8
99394.jpg,1
295423.jpg,1
296239.jpg,5
74403.jpg,3
99420.jpg,0
80736.jpg,4
31565.jpg,0
99292.jpg,7
68383.jpg,9
89466.jpg,5
58028.jpg,5
75672.jpg,4
43963.jpg,8
69649.jpg,0
93716.jpg,0
99320.jpg,3
31053.jpg,1
297840.jpg,2
52246.jpg,8
74024.jpg,3
50683.jpg,7
54003.jpg,1
304094.jpg,0
5711.jpg,3
309582.jpg,8
54156.jpg,3
83737.jpg,4
69073.jpg,6
83294.jpg,0
78235.jpg,8
88920.jpg,0
95587.jpg,4
87373.jpg,7
9219.jpg,3
47075.jpg,5
41143.jpg,5
79869.jpg,8
57488.jpg,7
67995.jpg,1
83447.jpg,2
3372.jpg,5
97522.jpg,4
67584.jpg,5
309097.jpg,7
53347.jpg,4
74929.jpg,2
70542.jpg,2
4209.jpg,5
88021.jpg,4
32086.jpg,0
81335.jpg,7
55675.jpg,1
86908.jpg,6
52891.jpg,0
33444.jpg,3
303456.jpg,0
83998.jpg,4
39174.jpg,1
299935.jpg,0
45696.jpg,2
296062.jpg,1
54383.jpg,9
76457.jpg,5
36965.jpg,3
75120.jpg,2
67083.jpg,0
72213.jpg,6
36324.jpg,7
65133.jpg,4
55564.jpg,7
97926.jpg,3
307636.jpg,0
7342.jpg,1
48134.jpg,3
97110.jpg,4
73047.jpg,7
71949.jpg,6
50107.jpg,0
54706.jpg,5
297609.jpg,3
69411.jpg,2
78355.jpg,9
398.jpg,1
66210.jpg,1
73469.jpg,3
62853.jpg,6
50388.jpg,1
60418.jpg,5
54571.jpg,3
63501.jpg,5
51491.jpg,1
304594.jpg,1
96155.jpg,8
61034.jpg,8
94404.jpg,5
39232.jpg,7
49413.jpg,8
34812.jpg,4
63104.jpg,6
475.jpg,8
86143.jpg,8
7014.jpg,3
299212.jpg,4
80054.jpg,8
59083.jpg,6
57608.jpg,6
55645.jpg,9
76286.jpg,6
59591.jpg,8
85772.jpg,8
75477.jpg,1
68222.jpg,1
47406.jpg,1
39977.jpg,7
35355.jpg,7
46893.jpg,2
35321.jpg,0
60629.jpg,7
67882.jpg,1
96532.jpg,1
308251.jpg,3
66426.jpg,2
33844.jpg,4
67232.jpg,0
299366.jpg,8
43076.jpg,7
79854.jpg,0
38506.jpg,3
41568.jpg,6
58649.jpg,1
75371.jpg,8
77965.jpg,4
57210.jpg,6
96680.jpg,5
41022.jpg,5
94906.jpg,0
80520.jpg,8
92615.jpg,0
74835.jpg,3
80643.jpg,9
302616.jpg,8
96066.jpg,1
68495.jpg,1
6352.jpg,2
42629.jpg,7
53808.jpg,4
91980.jpg,7
36775.jpg,6
69908.jpg,6
7443.jpg,6
40810.jpg,1
51804.jpg,8
34145.jpg,7
4052.jpg,0
38373.jpg,7
86086.jpg,5
63781.jpg,3
96742.jpg,8
302756.jpg,7
83793.jpg,1
85820.jpg,0
40986.jpg,7
77057.jpg,5
34636.jpg,7
64869.jpg,7
4109.jpg,0
791.jpg,8
300691.jpg,7
46199.jpg,4
59091.jpg,0
37484.jpg,1
3930.jpg,1
61097.jpg,2
33001.jpg,1
67359.jpg,7
302783.jpg,8
87970.jpg,2
52157.jpg,2
51629.jpg,1
88323.jpg,4
87893.jpg,5
44972.jpg,0
303569.jpg,0
78387.jpg,4
44984.jpg,9
32769.jpg,5
86247.jpg,7
67484.jpg,4
297494.jpg,6
68491.jpg,5
84903.jpg,4
67751.jpg,3
60211.jpg,8
76948.jpg,0
34009.jpg,7
55354.jpg,2
48116.jpg,4
306297.jpg,7
79216.jpg,4
44260.jpg,8
61163.jpg,8
86079.jpg,3
93978.jpg,0
91022.jpg,7
54949.jpg,6
82938.jpg,0
36637.jpg,0
39161.jpg,0
43870.jpg,0
99679.jpg,1
72941.jpg,1
59584.jpg,8
40845.jpg,3
39646.jpg,3
79864.jpg,0
306901.jpg,4
52710.jpg,6
49793.jpg,3
98631.jpg,3
84756.jpg,7
97772.jpg,5
78528.jpg,9
305514.jpg,1
296295.jpg,2
299861.jpg,3
50162.jpg,1
52073.jpg,0
297734.jpg,2
6990.jpg,2
89403.jpg,8
40243.jpg,7
83351.jpg,3
308917.jpg,7
301173.jpg,8
50826.jpg,8
32328.jpg,8
73754.jpg,1
73220.jpg,1
36387.jpg,0
297157.jpg,3
74868.jpg,0
309675.jpg,2
51058.jpg,0
88610.jpg,2
41842.jpg,9
4420.jpg,5
74901.jpg,3
297395.jpg,4
37868.jpg,1
85633.jpg,7
5969.jpg,8
6643.jpg,1
51974.jpg,9
300981.jpg,3
91824.jpg,5
57854.jpg,5
298166.jpg,9
38606.jpg,9
63284.jpg,7
66562.jpg,8
55828.jpg,2
83315.jpg,7
307736.jpg,1
46140.jpg,8
30585.jpg,6
55710.jpg,4
300395.jpg,4
80749.jpg,1
80810.jpg,1
4921.jpg,4
77489.jpg,7
31067.jpg,8
46533.jpg,8
308138.jpg,3
50929.jpg,4
55416.jpg,5
69776.jpg,1
8523.jpg,5
51498.jpg,4
305226.jpg,2
30983.jpg,5
34269.jpg,4
41502.jpg,6
98761.jpg,1
66082.jpg,0
78669.jpg,2
57411.jpg,9
64934.jpg,0
36485.jpg,7
78957.jpg,1
88456.jpg,8
90668.jpg,3
87383.jpg,5
299971.jpg,5
36166.jpg,0
65661.jpg,8
54076.jpg,0
53599.jpg,7
31064.jpg,7
94207.jpg,0
82944.jpg,6
39510.jpg,8
29823.jpg,4
96434.jpg,9
50349.jpg,9
303951.jpg,1
305370.jpg,1
56726.jpg,7
45476.jpg,7
58723.jpg,5
35624.jpg,6
44951.jpg,0
55823.jpg,5
29732.jpg,7
59986.jpg,1
53839.jpg,6
75341.jpg,3
6289.jpg,2
305123.jpg,1
74522.jpg,2
4954.jpg,8
43929.jpg,6
309584.jpg,5
75874.jpg,8
64638.jpg,6
84091.jpg,0
37563.jpg,1
50014.jpg,1
78943.jpg,3
49297.jpg,0
304646.jpg,3
33533.jpg,6
41726.jpg,7
54863.jpg,6
93369.jpg,2
30549.jpg,6
68857.jpg,7
302550.jpg,1
49860.jpg,0
42486.jpg,6
72453.jpg,2
34502.jpg,2
71088.jpg,1
95706.jpg,5
84891.jpg,3
56542.jpg,5
300960.jpg,7
8490.jpg,2
4056.jpg,1
33486.jpg,8
59695.jpg,9
66665.jpg,1
65545.jpg,2
308557.jpg,8
88687.jpg,6
307614.jpg,7
93692.jpg,8
60167.jpg,7
299576.jpg,5
78780.jpg,6
299424.jpg,1
298377.jpg,0
91442.jpg,6
50653.jpg,7
83617.jpg,6
48918.jpg,5
301270.jpg,2
95512.jpg,2
91523.jpg,6
4590.jpg,6
79056.jpg,1
88941.jpg,0
60839.jpg,5
67753.jpg,7
6900.jpg,9
71546.jpg,8
306016.jpg,0
29655.jpg,0
44351.jpg,8
89626.jpg,5
35046.jpg,5
44913.jpg,0
301745.jpg,0
37225.jpg,2
64024.jpg,1
97773.jpg,2
44700.jpg,8
309343.jpg,8
54209.jpg,8
295500.jpg,7
49858.jpg,7
43978.jpg,3
308800.jpg,7
305852.jpg,6
5942.jpg,3
98878.jpg,1
76895.jpg,7
305572.jpg,8
58688.jpg,1
71284.jpg,0
50959.jpg,3
96073.jpg,6
38321.jpg,6
60207.jpg,8
81683.jpg,0
98911.jpg,3
78767.jpg,6
42240.jpg,2
99058.jpg,7
63131.jpg,0
96465.jpg,8
297121.jpg,1
45058.jpg,7
7789.jpg,4
305132.jpg,4
36164.jpg,5
50439.jpg,3
46570.jpg,0
37154.jpg,7
32278.jpg,7
304243.jpg,8
80404.jpg,4
298486.jpg,1
82347.jpg,7
75853.jpg,4
96021.jpg,3
39467.jpg,5
71266.jpg,4
83181.jpg,8
54081.jpg,9
41088.jpg,0
80451.jpg,8
36178.jpg,3
30567.jpg,4
32111.jpg,4
41951.jpg,6
37836.jpg,8
80911.jpg,1
94028.jpg,8
70779.jpg,6
92175.jpg,2
86362.jpg,2
35745.jpg,1
58341.jpg,5
92436.jpg,4
3891.jpg,0
64755.jpg,0
67116.jpg,1
300770.jpg,4
297614.jpg,7
297026.jpg,8
67911.jpg,9
32371.jpg,8
61453.jpg,9
85337.jpg,8
45217.jpg,1
36362.jpg,6
305476.jpg,0
297994.jpg,4
37476.jpg,7
9509.jpg,4
51850.jpg,4
44733.jpg,6
56749.jpg,1
60695.jpg,6
50123.jpg,7
81426.jpg,0
303372.jpg,4
42211.jpg,0
308570.jpg,4
85655.jpg,7
299727.jpg,9
34668.jpg,0
70598.jpg,1
59080.jpg,0
69364.jpg,2
307840.jpg,7
87877.jpg,7
35123.jpg,5
38342.jpg,8
40828.jpg,7
46658.jpg,1
53745.jpg,8
82770.jpg,7
300167.jpg,5
44632.jpg,4
38072.jpg,7
57243.jpg,8
70948.jpg,5
90177.jpg,5
308616.jpg,7
301801.jpg,1
4702.jpg,2
42488.jpg,0
299858.jpg,5
30756.jpg,6
71203.jpg,9
53456.jpg,6
69177.jpg,1
48251.jpg,3
303845.jpg,5
67372.jpg,5
308094.jpg,7
66041.jpg,6
82703.jpg,8
45178.jpg,5
39785.jpg,8
36194.jpg,3
304280.jpg,1
32392.jpg,1
89896.jpg,9
39061.jpg,0
64767.jpg,0
34657.jpg,4
34077.jpg,9
56863.jpg,2
31414.jpg,0
67380.jpg,4
57166.jpg,3
71350.jpg,7
37234.jpg,3
50849.jpg,8
38511.jpg,1
35003.jpg,4
67214.jpg,7
72977.jpg,5
44927.jpg,4
38446.jpg,6
57062.jpg,1
31818.jpg,2
64005.jpg,9
38027.jpg,7
30196.jpg,9
32260.jpg,1
48214.jpg,9
36023.jpg,8
74110.jpg,2
37289.jpg,4
305800.jpg,1
79761.jpg,4
302964.jpg,6
72114.jpg,4
300736.jpg,5
33746.jpg,3
88861.jpg,5
53763.jpg,4
55146.jpg,7
98008.jpg,0
7862.jpg,1
43226.jpg,7
303929.jpg,4
47608.jpg,0
308702.jpg,2
55759.jpg,2
58345.jpg,6
96770.jpg,3
31700.jpg,5
90374.jpg,4
97721.jpg,0
47123.jpg,1
65272.jpg,4
63822.jpg,1
57689.jpg,5
96746.jpg,3
45968.jpg,8
8103.jpg,4
80472.jpg,1
3956.jpg,6
89158.jpg,3
51624.jpg,5
9640.jpg,2
47368.jpg,8
295356.jpg,3
36008.jpg,6
38729.jpg,8
300042.jpg,8
307052.jpg,2
64195.jpg,6
297042.jpg,2
53112.jpg,4
9674.jpg,6
46847.jpg,6
295442.jpg,9
62787.jpg,2
48014.jpg,7
45414.jpg,2
75889.jpg,7
43567.jpg,1
46735.jpg,6
67265.jpg,1
39775.jpg,2
76212.jpg,3
46634.jpg,5
56969.jpg,4
43838.jpg,8
876.jpg,7
91225.jpg,7
59482.jpg,3
81168.jpg,4
60566.jpg,5
303664.jpg,6
68631.jpg,5
43344.jpg,7
53366.jpg,0
91510.jpg,4
303901.jpg,9
85490.jpg,2
304577.jpg,4
87017.jpg,3
8267.jpg,9
83821.jpg,4
64286.jpg,8
97363.jpg,0
295075.jpg,6
52934.jpg,8
54245.jpg,2
31650.jpg,9
65889.jpg,6
94260.jpg,9
94069.jpg,5
300416.jpg,7
83734.jpg,5
41874.jpg,5
82413.jpg,1
46246.jpg,2
77883.jpg,2
43107.jpg,1
34365.jpg,3
32077.jpg,4
6557.jpg,6
44967.jpg,0
8928.jpg,1
294750.jpg,7
32373.jpg,1
93733.jpg,6
32528.jpg,3
296981.jpg,1
56201.jpg,7
52169.jpg,9
39821.jpg,2
48846.jpg,7
80159.jpg,1
9584.jpg,9
52114.jpg,6
98018.jpg,6
55127.jpg,7
85771.jpg,4
51775.jpg,0
96123.jpg,5
9680.jpg,6
59579.jpg,4
39516.jpg,4
46040.jpg,7
52360.jpg,6
95667.jpg,7
60382.jpg,1
4175.jpg,4
305562.jpg,3
54783.jpg,1
304966.jpg,7
51897.jpg,1
44150.jpg,7
30022.jpg,3
29666.jpg,9
44694.jpg,0
302194.jpg,0
87782.jpg,3
299950.jpg,9
64170.jpg,5
92616.jpg,7
64865.jpg,8
64795.jpg,4
41563.jpg,2
71468.jpg,4
300869.jpg,0
40804.jpg,5
58660.jpg,1
76621.jpg,5
304126.jpg,4
81598.jpg,7
42591.jpg,3
67855.jpg,7
62281.jpg,7
55179.jpg,8
92918.jpg,0
85270.jpg,9
60280.jpg,4
307864.jpg,7
96374.jpg,8
56678.jpg,9
303623.jpg,4
40587.jpg,2
303222.jpg,0
41924.jpg,1
59124.jpg,7
35036.jpg,4
33617.jpg,1
31728.jpg,0
297700.jpg,1
307316.jpg,8
97025.jpg,1
8176.jpg,5
90891.jpg,8
57126.jpg,3
30414.jpg,4
53149.jpg,1
70813.jpg,9
42463.jpg,4
59502.jpg,7
51586.jpg,4
307495.jpg,0
304961.jpg,9
44756.jpg,0
296475.jpg,5
47834.jpg,6
8059.jpg,0
33118.jpg,3
50367.jpg,4
78902.jpg,7
81595.jpg,1
63598.jpg,1
94812.jpg,4
43849.jpg,0
37939.jpg,7
99591.jpg,7
309435.jpg,6
43561.jpg,1
297712.jpg,5
305339.jpg,0
62049.jpg,2
56608.jpg,1
89641.jpg,3
74554.jpg,2
59927.jpg,8
47362.jpg,4
298969.jpg,2
69030.jpg,0
79856.jpg,7
94469.jpg,7
302418.jpg,1
76420.jpg,6
59603.jpg,5
88071.jpg,1
82177.jpg,2
91668.jpg,6
83809.jpg,2
303599.jpg,2
31892.jpg,1
77036.jpg,1
65137.jpg,7
87500.jpg,6
35042.jpg,8
298298.jpg,3
44649.jpg,0
77845.jpg,0
296788.jpg,2
31837.jpg,6
89777.jpg,2
56397.jpg,4
63361.jpg,3
54528.jpg,1
79715.jpg,0
40769.jpg,4
35068.jpg,7
299674.jpg,4
33872.jpg,6
301333.jpg,9
301437.jpg,1
68254.jpg,8
4488.jpg,5
44589.jpg,4
98076.jpg,6
35581.jpg,5
33948.jpg,4
78192.jpg,5
299193.jpg,6
49886.jpg,2
79781.jpg,1
86942.jpg,4
54194.jpg,9
99739.jpg,7
53168.jpg,1
96333.jpg,6
63129.jpg,9
298847.jpg,6
90350.jpg,8
5798.jpg,8
98320.jpg,4
47858.jpg,7
83911.jpg,8
302332.jpg,0
8187.jpg,6
89923.jpg,0
52372.jpg,4
64564.jpg,4
52488.jpg,3
6945.jpg,0
99280.jpg,3
297729.jpg,6
298017.jpg,7
87195.jpg,7
72553.jpg,1
36136.jpg,4
8503.jpg,6
41575.jpg,6
59175.jpg,7
81147.jpg,9
29662.jpg,5
38383.jpg,7
296925.jpg,8
34201.jpg,6
44005.jpg,9
55355.jpg,4
298114.jpg,5
53335.jpg,5
295631.jpg,9
87231.jpg,6
97901.jpg,0
91941.jpg,1
44100.jpg,6
33611.jpg,4
99475.jpg,8
29919.jpg,1
4928.jpg,6
302145.jpg,3
68779.jpg,8
44082.jpg,3
56062.jpg,6
55528.jpg,8
61687.jpg,5
64892.jpg,8
86178.jpg,5
96161.jpg,6
86216.jpg,8
298195.jpg,2
54629.jpg,2
62549.jpg,1
97377.jpg,0
308198.jpg,0
74818.jpg,7
65371.jpg,4
70993.jpg,6
307828.jpg,2
78449.jpg,1
36458.jpg,8
34627.jpg,9
300079.jpg,4
87973.jpg,8
3275.jpg,8
4126.jpg,8
54320.jpg,1
90136.jpg,4
309521.jpg,4
99965.jpg,7
57851.jpg,0
9757.jpg,8
70685.jpg,0
38540.jpg,2
98601.jpg,5
298803.jpg,1
63468.jpg,9
70422.jpg,4
47711.jpg,7
69815.jpg,4
51063.jpg,0
307476.jpg,1
8484.jpg,5
79875.jpg,8
88988.jpg,2
97620.jpg,3
48231.jpg,5
85461.jpg,5
57824.jpg,7
63778.jpg,9
32025.jpg,2
32617.jpg,1
93345.jpg,5
88388.jpg,7
98924.jpg,0
49122.jpg,5
41550.jpg,6
974.jpg,5
36330.jpg,7
306116.jpg,2
71752.jpg,6
38971.jpg,5
33023.jpg,4
93878.jpg,8
91324.jpg,1
738.jpg,6
297637.jpg,5
32610.jpg,3
95206.jpg,0
80610.jpg,4
76418.jpg,3
84178.jpg,5
69427.jpg,4
75348.jpg,6
42085.jpg,0
64011.jpg,1
72182.jpg,1
33349.jpg,5
38805.jpg,5
48631.jpg,3
30113.jpg,4
85230.jpg,5
85718.jpg,4
83210.jpg,4
306554.jpg,1
89669.jpg,1
53537.jpg,5
63181.jpg,3
302613.jpg,1
298543.jpg,2
95830.jpg,2
3365.jpg,0
80408.jpg,5
295781.jpg,3
43193.jpg,3
6065.jpg,5
77956.jpg,4
42679.jpg,7
5484.jpg,6
41546.jpg,0
302675.jpg,9
294840.jpg,3
68001.jpg,3
61944.jpg,9
29890.jpg,3
297009.jpg,6
47594.jpg,0
81259.jpg,7
71444.jpg,3
73338.jpg,5
89577.jpg,0
32390.jpg,0
39491.jpg,9
41633.jpg,4
64556.jpg,4
46129.jpg,7
7599.jpg,4
65439.jpg,8
67276.jpg,1
35473.jpg,1
89667.jpg,8
61605.jpg,5
88786.jpg,8
34725.jpg,9
304828.jpg,4
67429.jpg,6
4528.jpg,0
79391.jpg,8
67568.jpg,0
65464.jpg,9
41974.jpg,3
68565.jpg,2
298531.jpg,5
65828.jpg,4
95679.jpg,4
65841.jpg,8
9209.jpg,4
66361.jpg,5
89410.jpg,0
83162.jpg,1
51989.jpg,6
81221.jpg,7
61884.jpg,5
93331.jpg,5
32203.jpg,4
50131.jpg,5
37344.jpg,2
75213.jpg,2
71386.jpg,0
305177.jpg,6
71413.jpg,9
74773.jpg,1
36913.jpg,0
52449.jpg,6
303224.jpg,6
79964.jpg,2
45783.jpg,3
93498.jpg,7
35440.jpg,8
297037.jpg,5
305942.jpg,4
3691.jpg,8
4963.jpg,5
42724.jpg,5
50951.jpg,2
48223.jpg,6
99972.jpg,3
97945.jpg,0
63142.jpg,2
42193.jpg,1
303243.jpg,7
43794.jpg,8
87033.jpg,8
35486.jpg,3
92738.jpg,1
38794.jpg,1
300171.jpg,0
306479.jpg,5
98985.jpg,3
5254.jpg,3
67572.jpg,7
306000.jpg,1
52296.jpg,1
81665.jpg,2
8404.jpg,7
64581.jpg,5
53392.jpg,2
54485.jpg,5
301538.jpg,8
304743.jpg,4
48358.jpg,1
302203.jpg,1
303708.jpg,2
84187.jpg,0
65772.jpg,3
61355.jpg,6
69026.jpg,4
72188.jpg,1
58716.jpg,6
64659.jpg,3
29766.jpg,3
85849.jpg,7
43489.jpg,3
97445.jpg,5
86693.jpg,6
78535.jpg,3
31813.jpg,3
308666.jpg,8
67227.jpg,1
51597.jpg,8
8719.jpg,2
93321.jpg,8
64677.jpg,3
307764.jpg,5
39556.jpg,5
298420.jpg,6
42582.jpg,5
33096.jpg,8
56267.jpg,0
32303.jpg,8
94951.jpg,5
81395.jpg,3
87326.jpg,2
90977.jpg,0
83863.jpg,9
297767.jpg,2
89568.jpg,9
6264.jpg,1
75138.jpg,4
35594.jpg,4
72902.jpg,8
52146.jpg,8
50597.jpg,5
97170.jpg,4
94718.jpg,0
55046.jpg,7
97935.jpg,2
40713.jpg,6
70044.jpg,1
59989.jpg,8
79207.jpg,2
305537.jpg,1
299420.jpg,1
65700.jpg,4
68605.jpg,7
43941.jpg,4
50825.jpg,1
85161.jpg,5
64777.jpg,2
85345.jpg,0
301853.jpg,3
96898.jpg,5
45945.jpg,5
81554.jpg,1
58059.jpg,1
36157.jpg,2
308242.jpg,3
85155.jpg,0
44707.jpg,3
53618.jpg,4
78512.jpg,1
32094.jpg,2
79170.jpg,0
37866.jpg,1
34722.jpg,7
76025.jpg,8
42415.jpg,3
307811.jpg,1
48859.jpg,5
300679.jpg,1
93240.jpg,1
305643.jpg,6
97260.jpg,4
68382.jpg,8
71270.jpg,0
91083.jpg,2
71548.jpg,2
34138.jpg,5
41656.jpg,7
42273.jpg,3
91371.jpg,0
38449.jpg,7
32885.jpg,7
304772.jpg,8
3687.jpg,4
69999.jpg,3
77733.jpg,8
72379.jpg,1
42157.jpg,6
72406.jpg,7
98514.jpg,7
33921.jpg,0
75144.jpg,8
69133.jpg,7
86351.jpg,2
305420.jpg,7
80730.jpg,4
93432.jpg,8
9984.jpg,7
91092.jpg,6
5585.jpg,5
59817.jpg,3
90140.jpg,6
64016.jpg,1
5147.jpg,8
31008.jpg,0
87749.jpg,3
49043.jpg,1
308544.jpg,2
98410.jpg,1
79625.jpg,2
66831.jpg,8
294866.jpg,3
44777.jpg,5
62192.jpg,2
306626.jpg,1
47556.jpg,1
49655.jpg,8
96675.jpg,8
6837.jpg,5
9582.jpg,6
72501.jpg,6
303214.jpg,3
298058.jpg,0
51543.jpg,5
300050.jpg,5
77963.jpg,3
54095.jpg,5
90559.jpg,2
88817.jpg,1
299581.jpg,1
82113.jpg,3
30988.jpg,6
81189.jpg,0
306977.jpg,0
75146.jpg,8
308889.jpg,6
58731.jpg,2
72634.jpg,7
73635.jpg,9
69730.jpg,9
64398.jpg,8
31299.jpg,4
295518.jpg,7
71998.jpg,8
309113.jpg,7
295719.jpg,7
296351.jpg,2
85259.jpg,1
37102.jpg,7
64271.jpg,7
294732.jpg,7
87646.jpg,2
87997.jpg,4
89528.jpg,0
79737.jpg,1
43554.jpg,1
53073.jpg,8
83862.jpg,8
92910.jpg,9
77000.jpg,0
56199.jpg,0
35972.jpg,3
56531.jpg,1
82144.jpg,1
92941.jpg,7
81716.jpg,2
77886.jpg,6
298364.jpg,1
86187.jpg,7
89434.jpg,7
99091.jpg,5
6250.jpg,0
299228.jpg,7
68472.jpg,7
98121.jpg,4
88466.jpg,4
56533.jpg,7
47731.jpg,1
83240.jpg,3
76459.jpg,7
46744.jpg,5
89309.jpg,9
77678.jpg,2
49258.jpg,7
62558.jpg,8
52325.jpg,6
32521.jpg,4
87042.jpg,4
32109.jpg,6
32903.jpg,5
82979.jpg,4
293435.jpg,3
32206.jpg,7
32943.jpg,6
8646.jpg,9
38165.jpg,5
59082.jpg,5
75457.jpg,1
6601.jpg,1
33796.jpg,2
69062.jpg,5
33250.jpg,0
305684.jpg,1
62119.jpg,8
76082.jpg,1
72597.jpg,9
54887.jpg,2
42309.jpg,1
54800.jpg,8
37668.jpg,1
95884.jpg,1
29594.jpg,6
295113.jpg,7
304294.jpg,1
300961.jpg,8
7039.jpg,6
85610.jpg,8
5923.jpg,2
7686.jpg,7
75583.jpg,2
39226.jpg,2
62345.jpg,2
306298.jpg,8
86804.jpg,1
4934.jpg,1
96714.jpg,5
42359.jpg,4
29894.jpg,1
39767.jpg,7
88062.jpg,2
41117.jpg,6
55854.jpg,8
33006.jpg,9
68086.jpg,8
38319.jpg,5
99153.jpg,6
70202.jpg,9
92824.jpg,4
370.jpg,7
61298.jpg,8
92836.jpg,2
54186.jpg,3
37822.jpg,3
306017.jpg,2
72687.jpg,5
29916.jpg,0
52237.jpg,7
67473.jpg,7
41523.jpg,4
36828.jpg,7
302114.jpg,6
95477.jpg,3
97744.jpg,2
36798.jpg,4
92862.jpg,5
49015.jpg,5
49131.jpg,6
308346.jpg,7
45350.jpg,6
95678.jpg,2
59113.jpg,7
74027.jpg,0
308821.jpg,1
67999.jpg,4
75129.jpg,5
295425.jpg,7
98872.jpg,1
56702.jpg,1
73662.jpg,8
60647.jpg,4
69078.jpg,7
61780.jpg,3
95424.jpg,1
54140.jpg,7
53514.jpg,1
44961.jpg,2
39051.jpg,1
299708.jpg,4
297495.jpg,8
53507.jpg,9
78201.jpg,7
305762.jpg,5
37633.jpg,8
8160.jpg,4
82389.jpg,0
8603.jpg,6
55195.jpg,4
62510.jpg,2
298921.jpg,8
879.jpg,0
5980.jpg,1
44628.jpg,1
39158.jpg,8
53442.jpg,3
38039.jpg,6
296558.jpg,7
6073.jpg,1
61258.jpg,7
46397.jpg,9
89920.jpg,2
52328.jpg,7
30733.jpg,8
64735.jpg,6
30908.jpg,4
85349.jpg,9
52038.jpg,1
297794.jpg,6
85320.jpg,4
8242.jpg,1
301518.jpg,1
94167.jpg,4
99979.jpg,0
308640.jpg,6
74267.jpg,2
90424.jpg,6
89492.jpg,6
6652.jpg,6
56110.jpg,5
88046.jpg,1
50034.jpg,1
37477.jpg,5
36408.jpg,0
59524.jpg,8
51484.jpg,7
4256.jpg,9
33992.jpg,2
50294.jpg,7
43195.jpg,7
296535.jpg,5
46820.jpg,1
301905.jpg,6
85919.jpg,2
71097.jpg,8
52364.jpg,8
36669.jpg,4
53407.jpg,7
95655.jpg,8
99932.jpg,7
88705.jpg,1
52578.jpg,1
77612.jpg,1
46618.jpg,6
93253.jpg,4
295819.jpg,6
309180.jpg,8
7624.jpg,3
6994.jpg,3
5553.jpg,9
297913.jpg,7
50023.jpg,6
81910.jpg,7
90553.jpg,0
306015.jpg,7
49120.jpg,9
75863.jpg,1
58117.jpg,1
88314.jpg,6
49140.jpg,8
39041.jpg,4
77875.jpg,1
5196.jpg,8
96646.jpg,0
298603.jpg,8
80625.jpg,3
33148.jpg,2
81758.jpg,6
95153.jpg,1
80781.jpg,7
47091.jpg,1
76403.jpg,9
309348.jpg,7
298881.jpg,0
59002.jpg,5
56015.jpg,8
8594.jpg,5
79442.jpg,8
97246.jpg,0
91815.jpg,0
92203.jpg,5
51136.jpg,8
59844.jpg,4
295318.jpg,1
35939.jpg,1
76561.jpg,5
73163.jpg,8
303425.jpg,4
49009.jpg,2
43977.jpg,5
93829.jpg,0
7612.jpg,2
8850.jpg,4
49938.jpg,6
61841.jpg,5
94740.jpg,0
65161.jpg,4
7670.jpg,6
63556.jpg,6
6893.jpg,8
62759.jpg,6
82812.jpg,5
36399.jpg,8
50676.jpg,9
7675.jpg,1
74717.jpg,6
39841.jpg,4
76284.jpg,4
304895.jpg,6
301386.jpg,0
59921.jpg,1
35235.jpg,9
83453.jpg,0
57937.jpg,0
30159.jpg,2
93954.jpg,1
87242.jpg,6
61235.jpg,5
5142.jpg,2
62373.jpg,8
62981.jpg,6
39148.jpg,0
51173.jpg,6
88096.jpg,6
309542.jpg,9
87185.jpg,6
98458.jpg,5
54787.jpg,0
45712.jpg,8
69151.jpg,6
294932.jpg,7
299476.jpg,1
75171.jpg,4
7310.jpg,1
5618.jpg,1
89710.jpg,1
77300.jpg,8
306871.jpg,8
89325.jpg,5
74529.jpg,1
92022.jpg,6
81316.jpg,6
80878.jpg,5
309422.jpg,1
32040.jpg,2
46691.jpg,4
97129.jpg,1
75698.jpg,8
68660.jpg,4
4931.jpg,5
49743.jpg,6
40383.jpg,7
96820.jpg,5
69823.jpg,3
41554.jpg,5
82070.jpg,1
294212.jpg,3
53930.jpg,6
57810.jpg,0
65714.jpg,7
47403.jpg,0
8249.jpg,8
52700.jpg,3
47231.jpg,9
42516.jpg,6
6005.jpg,5
94504.jpg,3
302491.jpg,7
300480.jpg,6
37812.jpg,5
50293.jpg,7
50980.jpg,5
34381.jpg,5
37175.jpg,3
97436.jpg,7
80138.jpg,6
92881.jpg,5
6164.jpg,1
47621.jpg,1
298317.jpg,0
39372.jpg,9
73372.jpg,7
31493.jpg,0
80194.jpg,2
76454.jpg,3
300675.jpg,0
8137.jpg,2
85133.jpg,4
40972.jpg,2
41327.jpg,5
54607.jpg,1
4715.jpg,3
68496.jpg,8
39997.jpg,9
84758.jpg,8
46869.jpg,1
37986.jpg,3
67812.jpg,1
86477.jpg,6
77095.jpg,2
72510.jpg,2
86266.jpg,6
91613.jpg,8
87584.jpg,9
8211.jpg,6
53687.jpg,2
67303.jpg,0
42452.jpg,4
35579.jpg,2
88904.jpg,6
47596.jpg,0
63619.jpg,9
41307.jpg,9
40566.jpg,6
87842.jpg,3
88695.jpg,1
9315.jpg,0
73263.jpg,8
9820.jpg,6
96657.jpg,1
96154.jpg,3
61993.jpg,6
41239.jpg,3
8011.jpg,5
9763.jpg,1
36491.jpg,6
37310.jpg,0
67984.jpg,8
72216.jpg,3
46419.jpg,9
50110.jpg,5
39892.jpg,6
65632.jpg,7
33569.jpg,8
71703.jpg,2
36111.jpg,6
36962.jpg,7
59580.jpg,5
75888.jpg,7
90605.jpg,8
65608.jpg,1
7815.jpg,5
87743.jpg,8
297226.jpg,7
84518.jpg,8
62267.jpg,7
48396.jpg,0
39622.jpg,0
299158.jpg,0
49710.jpg,9
303673.jpg,0
296413.jpg,8
73966.jpg,8
91734.jpg,7
57364.jpg,3
302046.jpg,0
31124.jpg,3
44018.jpg,4
3155.jpg,0
59402.jpg,7
38181.jpg,4
40688.jpg,1
44915.jpg,8
94624.jpg,6
8916.jpg,6
40010.jpg,6
30797.jpg,5
300778.jpg,6
96952.jpg,6
89386.jpg,1
6262.jpg,6
64837.jpg,0
90651.jpg,5
76245.jpg,5
55842.jpg,1
73802.jpg,5
87751.jpg,1
47245.jpg,3
90176.jpg,4
3719.jpg,3
51869.jpg,7
4394.jpg,0
300133.jpg,1
67736.jpg,1
87325.jpg,0
65546.jpg,0
38370.jpg,3
44186.jpg,8
68650.jpg,8
33310.jpg,1
571.jpg,1
88455.jpg,0
304397.jpg,7
35933.jpg,1
41991.jpg,8
89824.jpg,4
92000.jpg,5
72314.jpg,3
39938.jpg,4
40342.jpg,5
302860.jpg,9
66137.jpg,3
306468.jpg,0
40789.jpg,1
30782.jpg,7
71564.jpg,8
63506.jpg,5
307398.jpg,4
5536.jpg,3
54877.jpg,4
80604.jpg,2
37137.jpg,7
4481.jpg,1
49856.jpg,7
301555.jpg,7
30994.jpg,8
304809.jpg,7
305286.jpg,1
73438.jpg,0
8399.jpg,0
47868.jpg,5
77564.jpg,9
75298.jpg,7
92401.jpg,2
68292.jpg,8
94592.jpg,8
308056.jpg,2
64579.jpg,8
64076.jpg,7
55458.jpg,0
71813.jpg,3
31976.jpg,0
82265.jpg,0
307064.jpg,4
89479.jpg,9
45252.jpg,7
40544.jpg,2
67720.jpg,3
59059.jpg,1
92412.jpg,0
302516.jpg,7
38829.jpg,6
94724.jpg,1
89625.jpg,1
301278.jpg,7
54784.jpg,3
8033.jpg,9
47921.jpg,4
44808.jpg,3
72048.jpg,9
51731.jpg,7
47755.jpg,5
66823.jpg,1
94945.jpg,6
43319.jpg,7
69309.jpg,7
308215.jpg,1
304145.jpg,4
29971.jpg,5
64592.jpg,3
53262.jpg,8
72604.jpg,6
42367.jpg,7
32841.jpg,7
53136.jpg,6
68966.jpg,5
65752.jpg,6
78151.jpg,6
96864.jpg,7
75770.jpg,1
41178.jpg,6
4304.jpg,3
94596.jpg,1
83974.jpg,1
91832.jpg,0
30117.jpg,3
301946.jpg,3
41066.jpg,4
96717.jpg,6
74719.jpg,2
72014.jpg,1
60789.jpg,2
305473.jpg,8
32237.jpg,8
305781.jpg,5
63451.jpg,4
64027.jpg,6
93867.jpg,9
54666.jpg,9
77447.jpg,0
303913.jpg,8
69200.jpg,3
85800.jpg,1
59356.jpg,7
303976.jpg,6
41116.jpg,4
64626.jpg,9
37619.jpg,7
94382.jpg,1
74357.jpg,8
50060.jpg,6
3238.jpg,3
31331.jpg,0
65207.jpg,3
96316.jpg,8
52590.jpg,3
5576.jpg,7
305480.jpg,3
63013.jpg,2
43632.jpg,6
69655.jpg,4
41561.jpg,3
68470.jpg,9
306647.jpg,1
298363.jpg,4
43389.jpg,1
304582.jpg,7
9550.jpg,8
96896.jpg,6
302373.jpg,2
88445.jpg,7
52329.jpg,1
85154.jpg,1
33993.jpg,0
62993.jpg,3
50897.jpg,4
63520.jpg,2
8361.jpg,3
308157.jpg,8
82914.jpg,2
86349.jpg,1
91181.jpg,8
44221.jpg,1
70330.jpg,4
34117.jpg,8
8540.jpg,0
97939.jpg,7
89772.jpg,7
77830.jpg,0
56920.jpg,0
9091.jpg,1
90740.jpg,2
66689.jpg,1
307319.jpg,8
47494.jpg,8
4449.jpg,1
3593.jpg,6
99125.jpg,1
88218.jpg,4
41506.jpg,4
6084.jpg,7
67061.jpg,2
31856.jpg,9
42199.jpg,3
86031.jpg,8
69248.jpg,1
95989.jpg,2
89166.jpg,9
55120.jpg,4
7774.jpg,8
36985.jpg,4
4998.jpg,1
73203.jpg,5
59270.jpg,4
50472.jpg,8
299985.jpg,1
30170.jpg,0
96600.jpg,3
74454.jpg,3
91801.jpg,6
307613.jpg,7
46153.jpg,1
92865.jpg,1
40001.jpg,1
90106.jpg,7
51851.jpg,8
6411.jpg,9
58211.jpg,1
301388.jpg,6
48638.jpg,8
44440.jpg,6
69222.jpg,6
62076.jpg,2
93798.jpg,7
71055.jpg,8
92584.jpg,0
60533.jpg,4
63107.jpg,9
29857.jpg,5
83277.jpg,4
55442.jpg,0
700.jpg,2
45786.jpg,1
301239.jpg,6
83603.jpg,5
71936.jpg,5
92938.jpg,3
53093.jpg,1
99984.jpg,1
38254.jpg,7
307525.jpg,3
87756.jpg,0
57681.jpg,5
73243.jpg,6
32671.jpg,6
99640.jpg,2
91156.jpg,1
89888.jpg,4
92504.jpg,3
70052.jpg,0
84968.jpg,1
56056.jpg,0
30663.jpg,3
303055.jpg,4
56663.jpg,9
37227.jpg,5
49742.jpg,2
63952.jpg,1
80146.jpg,1
75064.jpg,7
43063.jpg,9
9880.jpg,1
53648.jpg,6
306688.jpg,6
73425.jpg,7
80122.jpg,0
64510.jpg,9
46986.jpg,6
35958.jpg,7
85380.jpg,1
42070.jpg,4
73861.jpg,4
77350.jpg,6
6101.jpg,4
71361.jpg,1
47684.jpg,3
85913.jpg,1
305948.jpg,7
301112.jpg,3
304191.jpg,4
300277.jpg,0
56246.jpg,1
623.jpg,2
91516.jpg,7
63458.jpg,8
62850.jpg,9
33933.jpg,4
62939.jpg,1
80016.jpg,2
30417.jpg,7
39542.jpg,3
298403.jpg,8
39738.jpg,5
9241.jpg,4
72866.jpg,0
98973.jpg,0
39451.jpg,2
300827.jpg,4
72606.jpg,6
302042.jpg,3
299625.jpg,0
36080.jpg,9
51948.jpg,5
33593.jpg,8
37199.jpg,2
37834.jpg,2
296793.jpg,1
72484.jpg,2
43431.jpg,3
96250.jpg,2
301635.jpg,4
63902.jpg,9
30759.jpg,4
43529.jpg,1
81431.jpg,7
42925.jpg,4
307767.jpg,1
302380.jpg,0
303892.jpg,5
29627.jpg,3
66752.jpg,6
41041.jpg,1
48813.jpg,0
69317.jpg,0
44721.jpg,1
51617.jpg,8
44796.jpg,5
301615.jpg,0
30212.jpg,4
47785.jpg,1
307270.jpg,2
99710.jpg,3
45922.jpg,0
31190.jpg,4
32975.jpg,4
84230.jpg,5
75391.jpg,1
91326.jpg,0
45946.jpg,9
89435.jpg,8
91433.jpg,8
69680.jpg,4
70280.jpg,6
2968.jpg,9
304771.jpg,6
85741.jpg,4
308901.jpg,8
62813.jpg,1
53809.jpg,5
48671.jpg,0
43476.jpg,9
43450.jpg,5
86204.jpg,2
36715.jpg,4
297980.jpg,3
31823.jpg,9
297822.jpg,5
46521.jpg,0
49933.jpg,8
80319.jpg,4
52172.jpg,6
55917.jpg,1
306896.jpg,1
73765.jpg,8
96757.jpg,1
8063.jpg,4
85491.jpg,0
36672.jpg,1
60110.jpg,9
98002.jpg,1
79047.jpg,0
58013.jpg,9
9543.jpg,7
60375.jpg,4
31575.jpg,9
96065.jpg,6
51472.jpg,9
40635.jpg,5
94163.jpg,1
63794.jpg,1
82594.jpg,1
54345.jpg,8
70290.jpg,6
86466.jpg,5
74376.jpg,6
73889.jpg,1
54491.jpg,8
92239.jpg,9
54143.jpg,7
96963.jpg,6
59061.jpg,8
83901.jpg,7
47318.jpg,7
294728.jpg,7
95443.jpg,4
5503.jpg,0
97452.jpg,2
88142.jpg,3
306975.jpg,4
9973.jpg,3
301550.jpg,6
299783.jpg,4
75272.jpg,0
98292.jpg,7
97891.jpg,5
63319.jpg,6
301334.jpg,1
6946.jpg,2
38647.jpg,8
301011.jpg,8
298954.jpg,3
63622.jpg,5
50656.jpg,3
306728.jpg,6
55565.jpg,6
309004.jpg,3
75047.jpg,6
51652.jpg,8
36579.jpg,5
45455.jpg,8
32732.jpg,7
48785.jpg,9
302285.jpg,8
296224.jpg,6
30436.jpg,4
74139.jpg,6
87358.jpg,7
76416.jpg,7
95576.jpg,6
99951.jpg,2
89857.jpg,8
63670.jpg,6
54853.jpg,5
37611.jpg,2
306860.jpg,2
40271.jpg,4
97330.jpg,7
43268.jpg,8
45522.jpg,3
58219.jpg,0
3983.jpg,5
62937.jpg,4
86390.jpg,8
67724.jpg,4
4657.jpg,5
42894.jpg,4
54762.jpg,7
86870.jpg,2
52532.jpg,5
72304.jpg,5
308536.jpg,3
298478.jpg,7
3453.jpg,3
77747.jpg,7
9692.jpg,6
8455.jpg,4
33654.jpg,1
88362.jpg,4
34464.jpg,5
6336.jpg,5
308975.jpg,5
72325.jpg,6
82302.jpg,2
33071.jpg,8
8186.jpg,5
85552.jpg,2
87310.jpg,1
445.jpg,8
8823.jpg,4
83762.jpg,8
88399.jpg,4
61474.jpg,6
298952.jpg,3
94152.jpg,4
6816.jpg,6
63121.jpg,1
65879.jpg,0
29780.jpg,6
67450.jpg,1
307619.jpg,8
303712.jpg,6
41833.jpg,2
57621.jpg,1
306821.jpg,8
74059.jpg,4
91469.jpg,2
61000.jpg,3
29690.jpg,6
305206.jpg,2
70597.jpg,4
85569.jpg,1
76349.jpg,5
60010.jpg,5
304141.jpg,5
73450.jpg,4
65014.jpg,6
64868.jpg,1
53320.jpg,0
307309.jpg,7
33466.jpg,1
57798.jpg,7
54904.jpg,0
96343.jpg,8
85183.jpg,2
47060.jpg,4
5109.jpg,8
29488.jpg,7
55916.jpg,4
69119.jpg,3
69519.jpg,2
307778.jpg,5
91803.jpg,7
84647.jpg,6
68635.jpg,0
59161.jpg,7
74230.jpg,2
67168.jpg,0
45713.jpg,8
299590.jpg,3
43160.jpg,7
77194.jpg,0
59822.jpg,4
53037.jpg,0
63533.jpg,3
298755.jpg,6
5943.jpg,4
56996.jpg,1
90709.jpg,3
87599.jpg,5
88508.jpg,2
8025.jpg,0
40792.jpg,1
31246.jpg,4
299998.jpg,2
37011.jpg,1
56285.jpg,3
302229.jpg,8
95792.jpg,2
73307.jpg,3
45811.jpg,0
55602.jpg,7
33881.jpg,4
53500.jpg,7
44965.jpg,5
76970.jpg,9
66000.jpg,7
78207.jpg,0
307920.jpg,0
64667.jpg,1
77031.jpg,8
309131.jpg,6
93476.jpg,0
67268.jpg,8
91078.jpg,0
31999.jpg,0
63127.jpg,6
44597.jpg,4
7456.jpg,4
30814.jpg,7
9265.jpg,2
61692.jpg,7
36580.jpg,4
32507.jpg,2
37292.jpg,0
83099.jpg,6
52211.jpg,4
304722.jpg,6
295851.jpg,5
99097.jpg,2
29865.jpg,9
6684.jpg,1
56014.jpg,6
56529.jpg,7
32312.jpg,4
47890.jpg,7
95544.jpg,7
70376.jpg,0
61679.jpg,4
84607.jpg,8
54308.jpg,4
96601.jpg,2
82698.jpg,5
304102.jpg,3
67859.jpg,1
71987.jpg,1
98475.jpg,9
75514.jpg,8
32540.jpg,5
308175.jpg,5
57845.jpg,5
301190.jpg,3
90520.jpg,8
73304.jpg,8
32966.jpg,6
60201.jpg,4
69685.jpg,5
93055.jpg,2
36982.jpg,1
45928.jpg,8
62467.jpg,0
92827.jpg,9
97291.jpg,4
89087.jpg,0
97900.jpg,3
53547.jpg,3
95480.jpg,7
88056.jpg,5
88978.jpg,6
301671.jpg,4
36360.jpg,5
308675.jpg,5
58728.jpg,2
50513.jpg,3
8861.jpg,5
61698.jpg,0
48486.jpg,3
54336.jpg,6
89954.jpg,8
59188.jpg,3
58314.jpg,0
46081.jpg,0
84169.jpg,2
305150.jpg,0
82587.jpg,4
302298.jpg,1
79034.jpg,4
73771.jpg,3
49841.jpg,6
95380.jpg,1
57713.jpg,3
34951.jpg,7
58638.jpg,0
302220.jpg,7
73235.jpg,0
297806.jpg,9
8431.jpg,2
65779.jpg,4
59052.jpg,0
50366.jpg,6
61922.jpg,6
44524.jpg,1
36929.jpg,7
59571.jpg,6
33764.jpg,6
51242.jpg,2
83297.jpg,1
70288.jpg,5
34156.jpg,1
308436.jpg,5
98730.jpg,0
9588.jpg,5
71850.jpg,5
298137.jpg,1
300043.jpg,2
37553.jpg,0
45770.jpg,0
86915.jpg,1
48365.jpg,7
7820.jpg,7
36736.jpg,2
97323.jpg,8
52549.jpg,1
295376.jpg,1
88244.jpg,9
298019.jpg,1
96298.jpg,0
298698.jpg,2
89349.jpg,3
46172.jpg,6
57656.jpg,6
81368.jpg,5
70232.jpg,5
53708.jpg,4
93115.jpg,3
301874.jpg,9
71017.jpg,0
298162.jpg,2
298265.jpg,3
69986.jpg,5
33953.jpg,8
64808.jpg,0
74432.jpg,0
85246.jpg,5
43638.jpg,6
71842.jpg,4
38224.jpg,4
68872.jpg,0
75427.jpg,1
7309.jpg,1
59137.jpg,2
300335.jpg,1
307202.jpg,4
308645.jpg,0
43444.jpg,4
81776.jpg,7
309385.jpg,5
52044.jpg,5
78930.jpg,0
33546.jpg,2
51263.jpg,6
39493.jpg,0
96284.jpg,0
8382.jpg,6
85830.jpg,6
48706.jpg,3
63446.jpg,3
41381.jpg,2
6273.jpg,5
6152.jpg,8
33698.jpg,0
93179.jpg,2
98418.jpg,2
42007.jpg,7
79508.jpg,0
72374.jpg,2
90144.jpg,0
89015.jpg,8
31480.jpg,2
99196.jpg,3
83895.jpg,7
297820.jpg,3
293723.jpg,3
296381.jpg,7
77477.jpg,3
62547.jpg,6
69894.jpg,6
56881.jpg,6
76668.jpg,7
83865.jpg,0
296816.jpg,7
43460.jpg,6
75191.jpg,8
73477.jpg,0
91796.jpg,1
96477.jpg,2
99031.jpg,8
98766.jpg,0
96140.jpg,2
49272.jpg,5
6809.jpg,9
308043.jpg,8
31357.jpg,2
90494.jpg,4
97928.jpg,2
59134.jpg,0
61165.jpg,8
306021.jpg,7
73684.jpg,0
43101.jpg,6
58278.jpg,7
72638.jpg,8
302656.jpg,0
42835.jpg,2
37349.jpg,5
80542.jpg,3
6190.jpg,6
67408.jpg,3
3003.jpg,9
77442.jpg,1
308595.jpg,4
46989.jpg,7
75668.jpg,4
71349.jpg,3
64984.jpg,1
302251.jpg,3
308020.jpg,9
94332.jpg,7
98131.jpg,6
97067.jpg,7
6115.jpg,2
70734.jpg,1
37727.jpg,8
67517.jpg,2
29510.jpg,6
38309.jpg,0
80364.jpg,8
72333.jpg,1
58830.jpg,8
84026.jpg,9
90583.jpg,2
308748.jpg,3
41905.jpg,8
297266.jpg,8
41808.jpg,3
9368.jpg,7
59384.jpg,5
3108.jpg,8
70320.jpg,2
58437.jpg,5
74799.jpg,0
54582.jpg,4
93450.jpg,9
9134.jpg,4
47996.jpg,0
67291.jpg,5
92053.jpg,0
89541.jpg,7
84356.jpg,4
298041.jpg,5
37628.jpg,4
36040.jpg,3
61266.jpg,7
46954.jpg,9
97289.jpg,7
76452.jpg,5
38534.jpg,7
38337.jpg,3
68466.jpg,1
67161.jpg,7
90625.jpg,6
99746.jpg,3
94696.jpg,4
87975.jpg,6
83203.jpg,3
41432.jpg,2
78704.jpg,9
67668.jpg,5
75574.jpg,2
47312.jpg,1
54827.jpg,1
79704.jpg,6
304757.jpg,7
48797.jpg,3
86700.jpg,7
86179.jpg,1
90768.jpg,3
86801.jpg,8
96893.jpg,7
91285.jpg,1
9936.jpg,5
65807.jpg,8
304093.jpg,5
70974.jpg,6
31277.jpg,6
4533.jpg,8
83934.jpg,0
296959.jpg,8
72097.jpg,2
307867.jpg,8
301251.jpg,7
29541.jpg,6
36155.jpg,0
78111.jpg,5
293370.jpg,3
85904.jpg,6
85417.jpg,1
39004.jpg,8
298726.jpg,0
34984.jpg,5
95406.jpg,8
298616.jpg,6
44677.jpg,0
54279.jpg,1
75357.jpg,3
80596.jpg,0
71711.jpg,3
81608.jpg,1
67582.jpg,7
97953.jpg,3
37366.jpg,0
66935.jpg,2
41158.jpg,9
304226.jpg,8
36568.jpg,0
81940.jpg,1
4688.jpg,2
306208.jpg,7
89074.jpg,0
34431.jpg,0
32662.jpg,6
75844.jpg,1
46977.jpg,1
78358.jpg,8
4732.jpg,4
76691.jpg,5
99526.jpg,6
31349.jpg,2
58482.jpg,0
78593.jpg,8
83442.jpg,9
43539.jpg,1
60822.jpg,7
57366.jpg,3
86424.jpg,8
44498.jpg,7
87889.jpg,1
86668.jpg,8
307248.jpg,0
65572.jpg,5
5542.jpg,7
49466.jpg,3
72693.jpg,3
57132.jpg,5
55978.jpg,7
68256.jpg,6
32343.jpg,8
53211.jpg,8
73039.jpg,8
60188.jpg,6
83859.jpg,3
87100.jpg,8
31564.jpg,7
63642.jpg,4
71619.jpg,6
81919.jpg,9
9036.jpg,3
67878.jpg,8
569.jpg,1
97272.jpg,0
67677.jpg,0
93715.jpg,2
52498.jpg,4
304139.jpg,6
3760.jpg,6
63184.jpg,3
63633.jpg,0
53488.jpg,1
42744.jpg,4
97320.jpg,4
59509.jpg,2
58911.jpg,2
303656.jpg,8
296305.jpg,5
29793.jpg,2
81806.jpg,2
300950.jpg,3
298739.jpg,3
47911.jpg,0
37504.jpg,3
82737.jpg,8
54755.jpg,1
97948.jpg,2
5770.jpg,3
94688.jpg,2
90146.jpg,5
88100.jpg,0
38700.jpg,5
64508.jpg,0
74211.jpg,2
4494.jpg,1
305417.jpg,0
70859.jpg,8
46169.jpg,1
51540.jpg,2
84989.jpg,8
296729.jpg,8
296730.jpg,5
74583.jpg,8
50242.jpg,4
41582.jpg,5
58476.jpg,5
305939.jpg,4
39984.jpg,5
73196.jpg,7
300361.jpg,2
303681.jpg,8
309545.jpg,0
75433.jpg,3
3949.jpg,8
66433.jpg,8
85910.jpg,3
83267.jpg,4
64088.jpg,1
8968.jpg,2
299987.jpg,6
65135.jpg,1
84263.jpg,1
70953.jpg,8
302543.jpg,7
34912.jpg,5
47674.jpg,9
474.jpg,6
90036.jpg,9
38623.jpg,0
30551.jpg,2
298641.jpg,6
39570.jpg,3
66676.jpg,4
295066.jpg,0
304426.jpg,9
43443.jpg,2
301535.jpg,1
98342.jpg,5
70819.jpg,5
51867.jpg,3
299020.jpg,0
99577.jpg,5
304856.jpg,3
93304.jpg,8
29968.jpg,6
83672.jpg,5
307412.jpg,6
37745.jpg,2
65929.jpg,1
83077.jpg,9
45690.jpg,5
96805.jpg,4
77952.jpg,4
56900.jpg,0
34495.jpg,3
83414.jpg,5
50987.jpg,3
49498.jpg,0
94679.jpg,6
72149.jpg,2
66246.jpg,6
36312.jpg,6
7939.jpg,0
55588.jpg,1
57222.jpg,1
90182.jpg,7
66373.jpg,7
302023.jpg,7
77197.jpg,7
697.jpg,4
306763.jpg,4
70092.jpg,0
79738.jpg,0
298216.jpg,6
58579.jpg,0
3139.jpg,0
35587.jpg,7
51391.jpg,2
38125.jpg,4
53991.jpg,9
83861.jpg,3
52383.jpg,7
31022.jpg,8
32834.jpg,5
83147.jpg,6
309465.jpg,3
68878.jpg,7
43796.jpg,6
99977.jpg,2
90906.jpg,7
97221.jpg,7
50460.jpg,3
73033.jpg,7
50419.jpg,9
45086.jpg,1
95625.jpg,2
79911.jpg,2
57833.jpg,7
2965.jpg,2
65332.jpg,8
67097.jpg,5
99512.jpg,1
85615.jpg,5
4671.jpg,0
33867.jpg,7
3808.jpg,5
3723.jpg,1
296598.jpg,1
86489.jpg,3
90680.jpg,8
44468.jpg,1
83607.jpg,5
77024.jpg,4
48457.jpg,8
304149.jpg,8
9435.jpg,4
65141.jpg,5
45542.jpg,5
69805.jpg,3
43631.jpg,2
77806.jpg,8
88474.jpg,6
52072.jpg,2
34899.jpg,9
299760.jpg,2
35024.jpg,0
43053.jpg,0
94041.jpg,4
54162.jpg,3
73275.jpg,6
78185.jpg,0
306674.jpg,6
308189.jpg,3
73933.jpg,7
71324.jpg,0
721.jpg,6
70468.jpg,8
42318.jpg,4
40731.jpg,0
30030.jpg,6
55324.jpg,0
309231.jpg,5
68461.jpg,2
40406.jpg,5
86962.jpg,4
94268.jpg,4
81945.jpg,1
304696.jpg,1
90958.jpg,0
301337.jpg,4
80399.jpg,5
63798.jpg,5
44805.jpg,8
37281.jpg,5
66939.jpg,4
51381.jpg,8
299478.jpg,1
54500.jpg,1
47687.jpg,7
53141.jpg,4
56036.jpg,0
83547.jpg,7
87393.jpg,5
6034.jpg,0
60771.jpg,5
49490.jpg,7
61016.jpg,8
91592.jpg,1
5128.jpg,8
36733.jpg,1
67870.jpg,3
70388.jpg,2
62177.jpg,7
38808.jpg,7
33474.jpg,3
305930.jpg,4
97739.jpg,5
307944.jpg,0
95654.jpg,8
306499.jpg,2
60747.jpg,3
50311.jpg,9
297665.jpg,9
90359.jpg,2
81900.jpg,9
76052.jpg,7
79141.jpg,4
49354.jpg,2
296138.jpg,5
33367.jpg,7
4131.jpg,9
43763.jpg,7
66782.jpg,9
53110.jpg,2
79074.jpg,5
44072.jpg,2
6450.jpg,6
52322.jpg,3
90678.jpg,4
33725.jpg,2
88043.jpg,3
94792.jpg,0
39666.jpg,5
98572.jpg,0
87669.jpg,5
91646.jpg,2
31635.jpg,2
297742.jpg,8
298092.jpg,5
304062.jpg,0
302275.jpg,9
49554.jpg,1
92545.jpg,5
70447.jpg,0
308367.jpg,4
58702.jpg,7
45990.jpg,4
89810.jpg,7
32264.jpg,0
83624.jpg,7
76064.jpg,7
58243.jpg,8
53178.jpg,6
4296.jpg,5
97523.jpg,7
76187.jpg,0
65868.jpg,6
69395.jpg,2
89563.jpg,0
46026.jpg,8
33809.jpg,8
76940.jpg,8
92055.jpg,1
77161.jpg,7
49506.jpg,6
59640.jpg,3
87446.jpg,5
53891.jpg,4
81218.jpg,0
4181.jpg,7
48437.jpg,3
302930.jpg,4
73638.jpg,5
62746.jpg,2
81363.jpg,5
79353.jpg,8
295815.jpg,6
53725.jpg,0
30892.jpg,5
84855.jpg,4
75903.jpg,0
62878.jpg,3
5212.jpg,4
89076.jpg,1
92547.jpg,0
296125.jpg,1
306165.jpg,0
64942.jpg,4
62203.jpg,0
45081.jpg,0
51545.jpg,3
44701.jpg,7
9713.jpg,1
7556.jpg,0
41383.jpg,5
69433.jpg,1
84685.jpg,6
46306.jpg,0
295410.jpg,3
305108.jpg,7
66541.jpg,5
6248.jpg,2
75548.jpg,5
71466.jpg,3
85648.jpg,4
53167.jpg,7
86582.jpg,8
73398.jpg,0
307.jpg,6
71408.jpg,5
93928.jpg,0
53772.jpg,4
8738.jpg,3
36548.jpg,8
55748.jpg,6
64178.jpg,0
82394.jpg,5
297871.jpg,5
75098.jpg,8
84069.jpg,5
74573.jpg,8
38462.jpg,4
49787.jpg,0
8234.jpg,3
95762.jpg,5
92065.jpg,3
43719.jpg,7
9495.jpg,1
55555.jpg,9
302222.jpg,3
305163.jpg,6
49193.jpg,7
40848.jpg,2
5826.jpg,8
97344.jpg,0
51358.jpg,9
42487.jpg,2
299180.jpg,7
32374.jpg,7
63500.jpg,1
59012.jpg,6
70632.jpg,5
300003.jpg,8
95203.jpg,3
79106.jpg,3
305009.jpg,2
297590.jpg,5
301246.jpg,9
297130.jpg,5
7381.jpg,3
41907.jpg,1
75299.jpg,7
42548.jpg,2
62726.jpg,7
87098.jpg,8
37702.jpg,3
80249.jpg,3
66578.jpg,7
37955.jpg,5
33808.jpg,2
81228.jpg,6
88403.jpg,2
74390.jpg,2
71046.jpg,5
81258.jpg,0
66143.jpg,3
68153.jpg,6
298437.jpg,4
91320.jpg,2
82373.jpg,1
45710.jpg,4
95115.jpg,1
295587.jpg,7
78773.jpg,2
303879.jpg,5
60723.jpg,2
36441.jpg,8
300697.jpg,8
307327.jpg,3
55313.jpg,9
90807.jpg,8
79409.jpg,6
77966.jpg,0
98950.jpg,8
70644.jpg,1
54696.jpg,3
4767.jpg,3
64020.jpg,0
43507.jpg,2
98781.jpg,4
99933.jpg,3
51022.jpg,6
9334.jpg,6
69667.jpg,1
93752.jpg,0
67576.jpg,8
45048.jpg,7
84482.jpg,3
298013.jpg,3
47482.jpg,1
3277.jpg,3
79838.jpg,4
39854.jpg,3
84644.jpg,7
47486.jpg,0
73586.jpg,3
297749.jpg,6
9481.jpg,1
305033.jpg,0
79256.jpg,7
54094.jpg,4
96043.jpg,5
33244.jpg,0
86046.jpg,4
67322.jpg,4
74631.jpg,0
5336.jpg,3
80027.jpg,8
31605.jpg,4
67151.jpg,4
90551.jpg,0
303164.jpg,2
8616.jpg,6
96666.jpg,8
305619.jpg,1
302807.jpg,1
52959.jpg,7
65139.jpg,1
306628.jpg,8
305538.jpg,5
529.jpg,8
296585.jpg,2
304852.jpg,0
33840.jpg,0
30823.jpg,8
296129.jpg,9
6000.jpg,5
33036.jpg,2
6319.jpg,8
6241.jpg,5
5075.jpg,9
89985.jpg,1
5504.jpg,7
95140.jpg,9
77856.jpg,3
77621.jpg,2
296854.jpg,3
45296.jpg,2
4613.jpg,8
93777.jpg,1
71946.jpg,8
42676.jpg,5
297101.jpg,7
42823.jpg,0
42305.jpg,3
35071.jpg,3
62585.jpg,3
54312.jpg,2
9208.jpg,0
5724.jpg,3
87546.jpg,2
41104.jpg,9
65398.jpg,6
48897.jpg,6
76771.jpg,8
82797.jpg,5
76928.jpg,5
34253.jpg,1
71012.jpg,0
41.jpg,7
307551.jpg,5
50862.jpg,3
52150.jpg,5
48731.jpg,3
297151.jpg,5
8488.jpg,7
98540.jpg,3
918.jpg,2
33442.jpg,1
62508.jpg,3
57879.jpg,6
67533.jpg,3
68719.jpg,8
9033.jpg,0
91020.jpg,8
72377.jpg,4
50901.jpg,1
96262.jpg,2
306151.jpg,5
297420.jpg,3
8511.jpg,4
43209.jpg,3
88136.jpg,9
304857.jpg,1
66813.jpg,0
70556.jpg,8
93095.jpg,3
40577.jpg,4
87482.jpg,8
299310.jpg,7
92156.jpg,8
95467.jpg,6
70246.jpg,1
87659.jpg,8
85460.jpg,1
307963.jpg,5
50498.jpg,1
49456.jpg,7
306893.jpg,0
307399.jpg,1
301160.jpg,4
298944.jpg,8
306976.jpg,6
45343.jpg,6
9221.jpg,9
88302.jpg,7
73465.jpg,3
40256.jpg,2
301314.jpg,8
298123.jpg,7
51564.jpg,7
71448.jpg,8
302125.jpg,2
51437.jpg,8
308492.jpg,7
299256.jpg,1
46825.jpg,1
86074.jpg,5
50717.jpg,8
78589.jpg,7
86802.jpg,0
76812.jpg,0
57667.jpg,8
64336.jpg,8
51183.jpg,7
308395.jpg,0
62572.jpg,9
71921.jpg,2
35296.jpg,3
91864.jpg,2
29671.jpg,2
309586.jpg,5
41139.jpg,8
82531.jpg,6
46582.jpg,7
302706.jpg,1
308798.jpg,8
57874.jpg,9
300648.jpg,4
53693.jpg,3
34078.jpg,2
98727.jpg,9
52306.jpg,8
48381.jpg,2
301353.jpg,1
89153.jpg,6
48657.jpg,5
67900.jpg,3
48332.jpg,3
67439.jpg,8
78409.jpg,2
301997.jpg,7
45306.jpg,9
71442.jpg,8
51165.jpg,0
59873.jpg,3
300148.jpg,8
46077.jpg,0
306285.jpg,7
54254.jpg,1
296707.jpg,3
78785.jpg,4
73873.jpg,3
61403.jpg,3
31028.jpg,7
46173.jpg,2
98726.jpg,5
41488.jpg,6
5893.jpg,7
9321.jpg,1
69256.jpg,1
78269.jpg,7
55260.jpg,0
53299.jpg,7
54957.jpg,1
74499.jpg,1
65493.jpg,8
306089.jpg,2
86722.jpg,7
47691.jpg,6
306262.jpg,0
65578.jpg,5
42572.jpg,9
37642.jpg,1
54112.jpg,8
93838.jpg,0
37411.jpg,0
4607.jpg,8
8225.jpg,7
44928.jpg,0
301293.jpg,3
94874.jpg,4
6584.jpg,9
3641.jpg,0
300337.jpg,8
307917.jpg,5
43299.jpg,9
92612.jpg,6
37041.jpg,1
87753.jpg,2
82733.jpg,6
56039.jpg,4
297338.jpg,4
48703.jpg,6
75450.jpg,7
93280.jpg,2
70403.jpg,3
75565.jpg,3
72336.jpg,2
307043.jpg,8
81409.jpg,9
72678.jpg,8
78228.jpg,1
37756.jpg,1
296561.jpg,3
47679.jpg,0
52142.jpg,5
84526.jpg,4
42432.jpg,9
302856.jpg,1
65183.jpg,5
295240.jpg,3
308980.jpg,4
93865.jpg,1
37707.jpg,0
6215.jpg,9
60116.jpg,6
61027.jpg,1
81039.jpg,6
6907.jpg,7
83458.jpg,0
32161.jpg,8
950.jpg,6
300063.jpg,3
49794.jpg,3
77356.jpg,1
72786.jpg,4
78198.jpg,9
94668.jpg,6
94461.jpg,1
49408.jpg,3
87101.jpg,8
66969.jpg,5
61365.jpg,9
303521.jpg,1
75151.jpg,4
60550.jpg,7
4835.jpg,8
45357.jpg,0
69089.jpg,2
95801.jpg,6
82333.jpg,0
42927.jpg,1
306068.jpg,5
82069.jpg,2
65611.jpg,8
298840.jpg,8
52511.jpg,9
6226.jpg,6
36242.jpg,5
94959.jpg,1
86772.jpg,0
36539.jpg,2
32623.jpg,1
306103.jpg,4
303511.jpg,0
47190.jpg,6
32634.jpg,7
39756.jpg,8
96030.jpg,3
94433.jpg,3
86406.jpg,3
38239.jpg,6
44268.jpg,6
297144.jpg,5
34948.jpg,5
56878.jpg,8
30922.jpg,2
95763.jpg,0
7247.jpg,4
298089.jpg,2
47094.jpg,5
68768.jpg,7
93376.jpg,0
78123.jpg,3
303567.jpg,8
58357.jpg,5
90500.jpg,4
56260.jpg,7
48518.jpg,5
99207.jpg,1
35507.jpg,0
70840.jpg,8
99968.jpg,8
304820.jpg,7
43746.jpg,4
74652.jpg,3
68603.jpg,4
75953.jpg,1
305774.jpg,8
36456.jpg,2
76409.jpg,0
97819.jpg,6
73564.jpg,5
79593.jpg,8
296809.jpg,6
58752.jpg,3
89390.jpg,8
33656.jpg,7
81051.jpg,8
81957.jpg,1
308935.jpg,6
305116.jpg,1
88294.jpg,5
93145.jpg,4
55308.jpg,0
3172.jpg,7
307621.jpg,5
61712.jpg,1
4604.jpg,6
93506.jpg,2
67377.jpg,0
51762.jpg,5
58403.jpg,8
33167.jpg,7
91600.jpg,2
55197.jpg,7
83535.jpg,6
64584.jpg,3
47095.jpg,1
8728.jpg,8
94784.jpg,7
72001.jpg,2
68247.jpg,6
97913.jpg,5
301821.jpg,0
297761.jpg,4
78152.jpg,6
41916.jpg,1
43641.jpg,5
45375.jpg,1
50601.jpg,5
297710.jpg,4
99761.jpg,2
82241.jpg,6
58681.jpg,0
56205.jpg,0
42338.jpg,9
98507.jpg,4
93196.jpg,1
70316.jpg,2
64182.jpg,8
48781.jpg,5
31100.jpg,4
3185.jpg,0
59361.jpg,8
62085.jpg,9
38579.jpg,5
37084.jpg,8
52413.jpg,1
40877.jpg,7
76292.jpg,6
299961.jpg,9
75856.jpg,0
502.jpg,0
5530.jpg,4
299092.jpg,3
70100.jpg,8
60658.jpg,7
45530.jpg,9
65204.jpg,2
51128.jpg,2
91551.jpg,2
92409.jpg,3
305873.jpg,1
306867.jpg,2
41644.jpg,5
83647.jpg,4
69665.jpg,6
87276.jpg,2
78037.jpg,1
303063.jpg,4
73539.jpg,8
90509.jpg,2
68622.jpg,3
87567.jpg,9
58132.jpg,2
770.jpg,8
296799.jpg,1
96924.jpg,0
300568.jpg,2
63309.jpg,2
32800.jpg,1
86755.jpg,5
95923.jpg,1
78099.jpg,9
33418.jpg,8
97203.jpg,1
84813.jpg,1
44454.jpg,1
39874.jpg,2
65835.jpg,0
63596.jpg,0
89234.jpg,2
54419.jpg,2
83691.jpg,4
43095.jpg,5
47029.jpg,2
41179.jpg,8
308710.jpg,2
88197.jpg,4
37163.jpg,6
82553.jpg,5
307862.jpg,0
86232.jpg,0
95154.jpg,1
63120.jpg,4
32415.jpg,7
41682.jpg,4
58023.jpg,9
49677.jpg,6
38003.jpg,3
60446.jpg,0
71269.jpg,4
70423.jpg,2
51539.jpg,2
47468.jpg,1
56455.jpg,4
51110.jpg,3
95448.jpg,1
48818.jpg,8
44926.jpg,5
98314.jpg,1
61562.jpg,1
79116.jpg,4
76839.jpg,7
98393.jpg,0
299259.jpg,1
53939.jpg,4
8049.jpg,1
35718.jpg,1
97113.jpg,6
74752.jpg,3
38110.jpg,3
42656.jpg,1
91166.jpg,4
33201.jpg,2
37063.jpg,1
299622.jpg,0
39219.jpg,0
5080.jpg,1
97174.jpg,3
74441.jpg,4
36516.jpg,7
37679.jpg,5
4971.jpg,6
77931.jpg,3
299602.jpg,7
96536.jpg,2
49210.jpg,8
44452.jpg,9
72102.jpg,1
71256.jpg,7
9635.jpg,8
303182.jpg,2
64635.jpg,0
46290.jpg,6
3867.jpg,3
57075.jpg,9
3945.jpg,5
51756.jpg,3
91937.jpg,7
64229.jpg,5
87092.jpg,1
309101.jpg,3
72658.jpg,8
34165.jpg,6
36127.jpg,6
98015.jpg,9
309638.jpg,3
79154.jpg,2
31150.jpg,6
42692.jpg,1
62933.jpg,6
54046.jpg,0
95968.jpg,0
45156.jpg,1
34040.jpg,2
46455.jpg,0
294662.jpg,7
33293.jpg,7
93811.jpg,2
61249.jpg,9
31583.jpg,5
93070.jpg,4
87367.jpg,3
77466.jpg,5
37130.jpg,4
63324.jpg,9
32718.jpg,7
34396.jpg,0
52642.jpg,4
37960.jpg,6
54410.jpg,7
6814.jpg,3
49286.jpg,6
79293.jpg,6
48041.jpg,4
9642.jpg,5
52552.jpg,4
38649.jpg,2
61521.jpg,6
93224.jpg,3
47032.jpg,8
68374.jpg,9
91170.jpg,7
98294.jpg,0
85107.jpg,4
58062.jpg,0
74508.jpg,7
76307.jpg,6
80425.jpg,9
52842.jpg,7
61647.jpg,5
50924.jpg,0
304390.jpg,8
308787.jpg,5
96327.jpg,1
89032.jpg,8
51420.jpg,4
35188.jpg,0
61480.jpg,6
305499.jpg,8
81144.jpg,4
5777.jpg,1
306596.jpg,2
60464.jpg,4
71884.jpg,5
96758.jpg,3
29769.jpg,2
307873.jpg,7
42891.jpg,6
72489.jpg,6
81563.jpg,7
3700.jpg,5
79632.jpg,2
78833.jpg,7
79202.jpg,7
37416.jpg,5
309460.jpg,2
304563.jpg,0
69586.jpg,7
43290.jpg,1
44136.jpg,1
59704.jpg,0
78119.jpg,6
70672.jpg,7
304534.jpg,7
63656.jpg,7
9845.jpg,6
94351.jpg,8
46549.jpg,6
59493.jpg,4
300308.jpg,0
66114.jpg,8
48549.jpg,5
299089.jpg,2
69652.jpg,8
49919.jpg,6
303515.jpg,0
82875.jpg,4
59374.jpg,4
67406.jpg,1
307755.jpg,9
304078.jpg,8
32314.jpg,1
55463.jpg,6
87949.jpg,6
36116.jpg,3
299144.jpg,6
32577.jpg,6
38405.jpg,3
34601.jpg,5
56614.jpg,1
303816.jpg,1
74757.jpg,8
39954.jpg,6
65276.jpg,4
295626.jpg,7
86371.jpg,3
84296.jpg,8
30190.jpg,7
8864.jpg,8
62960.jpg,8
296789.jpg,1
50521.jpg,6
54544.jpg,9
40023.jpg,0
99504.jpg,6
30055.jpg,5
97871.jpg,1
94817.jpg,6
49915.jpg,1
37174.jpg,0
309107.jpg,6
99672.jpg,8
67973.jpg,8
52741.jpg,8
296569.jpg,5
59925.jpg,5
50767.jpg,7
73983.jpg,6
66098.jpg,5
55453.jpg,5
307995.jpg,0
5368.jpg,8
82649.jpg,5
71493.jpg,8
79487.jpg,2
57773.jpg,0
9276.jpg,8
72882.jpg,0
73707.jpg,4
66415.jpg,6
62928.jpg,5
304589.jpg,0
69990.jpg,5
59278.jpg,6
99595.jpg,3
49745.jpg,7
43408.jpg,4
66199.jpg,1
4471.jpg,0
74411.jpg,0
36075.jpg,6
84390.jpg,2
90233.jpg,0
70273.jpg,4
33726.jpg,1
30144.jpg,5
89228.jpg,7
62924.jpg,4
306277.jpg,6
66847.jpg,1
49617.jpg,6
9586.jpg,5
29478.jpg,3
66895.jpg,5
94878.jpg,8
528.jpg,2
5288.jpg,1
306851.jpg,5
84468.jpg,7
